WIG;DAX;CAC40;FTSE
13752;3155.97;3121.01;4413.4
13739.79;3015.42;2992.23;4391.8
13729.54;3090.01;3075.13;4407.4
13690.12;3102.01;3056.88;4392.4
14042.34;3198.96;3120.85;4432.6
14078.88;3022.01;2965.11;4366.5
14042.52;3113.59;3084.22;4388
14093.23;3152.85;3150.04;4417.7
NA;3165.16;3109.51;4413.7
14195.88;3327.94;3218.67;4510.8
14039.04;3351.32;3247.39;4481
13839.16;3298.84;3212.86;4516.7
13765.82;3155.66;3111.72;4516.6
13792.99;3079.1;3058.18;4490.7
NA;3042.06;3053.7;4445.7
13834.89;3115.88;3064.64;4462.6
13824.61;3066.42;3034.81;4428.5
13945.96;3188.39;3148.6;4426.1
13841.69;3191.76;3162.39;4449.3
13920.09;3218.36;3208.47;4503.9
13990.84;3206.93;3177.23;4464.8
14045.2;3212.99;3153.5;4444.4
14454.26;3304.63;3290.8;4506
14516.03;3320.88;3305.78;4525.6
14881.26;3299.24;3295.68;4497
14739.48;3191.63;3215.19;4453.2
14850.58;3346.14;3313.76;4489.6
14834.07;3360.76;3329.99;4573.5
14662.91;3320.32;3326.65;4558.2
15026.12;3380.2;3298.76;4574
15028.7;3280.49;3222.26;4522.7
14838.08;3320.75;3199.84;4479.9
14909.65;3224.74;3158.04;4469.3
14724.22;3207.53;3185.77;4445.8
14726.38;3065.57;3115.63;4419.3
14507;3167.99;3142.75;4396.4
14408.77;3196.05;3190.09;4399.6
14531.49;3111.88;3137.43;4326.7
14534.66;3077.06;3076.85;4296.5
14564.42;3205.29;3173.85;4321.4
14523.89;3139.97;3138.61;4280
14164.05;3022.69;3077.39;4251.8
14135.77;2961.41;3054.21;4260.7
14116.67;3024.22;3082.85;4270.5
14294.29;3000.84;3087.62;4288.1
NA;NA;3081.28;4293.4
NA;NA;NA;NA
14402.55;2840;3011.83;4277.5
14390.28;2892.63;3025.14;4302.2
14366.65;NA;3063.91;4319.3
14378.11;3105.04;3195.02;4343.4
14770.53;3092.94;3187.88;4377.1
14814.32;3157.25;3210.27;4358.2
14875.42;3112.77;3160.99;4353.1
14738.01;2993;3094.09;4329.3
14735.78;3037.68;3152.29;4343.9
14785.91;3037.33;3160.13;4380.3
15115.13;3060.65;3169.82;4383.8
15039.44;3098.72;3174.03;4376.4
15061.77;3049.4;3134.66;4339.9
14827.53;3054.11;3142.59;4349.5
14637.51;2918.82;3056.93;4321.7
14594.74;2893.55;3020.07;4312.5
14461.75;2870.57;2992.39;4308.4
14301.16;2803.25;2931.38;4269.9
14453.54;2811.22;2917.97;4246.7
14133.8;2717.82;2898.6;NA
13867.32;2643.8;2795.78;4100.1
13886.61;2671.36;2800.07;4055.8
13923.86;2706.57;2840.05;3986
13783.66;2693.78;2914.13;4021.6
13844.75;2747.83;2937.88;4016.4
14125.43;2751.99;2957.79;4071.8
13871.99;2632.98;2863.5;NA
13877.99;2725.88;2884.62;4071.6
13694.82;2649;2836.18;4057.4
13797.26;2569.34;2796.66;4062
13871.4;2586.09;2772.26;4067.9
13918.78;2627;2841.84;4089
13806.1;2571.25;2770.62;4042.7
13865.86;2555.27;2758.65;4026.9
13873.18;2674.46;2827.75;4023.9
14038.18;2708.97;2882.12;4063.9
13953.5;2740.14;2938.63;4075.3
13844.75;2624.65;2859.19;4078.3
13981.37;2591.26;2804.49;4071.7
13922.09;2648.87;2806.77;4066.5
13814.98;2571.35;2785.61;4088.1
13622.95;2485.5;2683.37;4020
13659.97;2450.2;2658.57;4000.4
13727.11;2513.22;2715.8;3998.3
13775.47;2547.05;2754.07;4037.6
13687.16;2549.65;2762.25;4075
13504.92;2501.03;2676.34;4052.5
13502.65;2498.02;2655.07;3999.9
13512.9;2437.51;2634.53;3987
13599.63;2431.66;2574.91;3924.4
13964.47;2329.04;2513.61;3898.3
13852.81;2305.3;2493.42;3846.9
13820.51;2202.96;2403.04;3802
13943.35;2354.31;2554.71;3820
13866.61;2403.19;2740.01;3890.3
13604.78;2487.12;2831.73;3932.2
13828.66;2584.61;2794.89;4017.7
13816.95;2615.22;2837.68;4034.3
13820.75;2604.85;2794.83;4051.8
14069.39;2715.06;2890.68;4095.6
14032.74;2548.37;2726.85;4034.8
14011.12;2636.1;2795.79;4023.6
14041.94;2579.33;2787.56;4041.3
13977.69;2584.05;2722.84;4017.1
13978.28;2520.84;2733;4016.3
13759.43;2423.87;2618.46;3959.8
13765.02;2450.19;2635.04;3967.3
13910.34;2589.35;2743.88;4024.3
14149.59;2569.81;2788.69;4040.7
14175.37;2654.07;2837.96;4060.8
14495.96;2808.94;2935.68;4161.9
14451.56;2767.79;2893.51;4135
14503.33;2734.1;2888.03;4123.5
14382.83;2697.1;2808.58;4130
14368.1;2733.95;2838.14;4154.1
14175.02;2776.78;2874.98;4176.3
14193.13;2834.12;2921.52;4224.3
14121.97;2824.68;2895.16;4259
14211.61;2899.78;2898.61;4260.5
NA;NA;NA;NA
14236.89;2960.96;2914.6;4282.7
14341.97;2974.4;2962.67;4358.3
14196.17;2891.62;2903.04;4336.7
14231.82;2838.23;2866.74;4298.2
14287.79;2953.92;2949.57;4321.8
14262.09;2908.96;2940.8;4356.1
14259.75;2942.04;2953.67;4389.3
NA;NA;NA;4374.9
14421.63;2986;2963.12;4416.9
14608.92;3013.04;2996.22;NA
14652.61;3066.95;3057.56;4507.3
14503.65;3005.64;3023.96;4559.6
14547.51;2886.08;2939.17;4514.8
14675.9;2956.59;2967.89;4523.9
14722.16;2937.26;2962.63;4564.8
14690.91;2909.95;2963.63;4609.9
15012.24;2926.03;2961.83;4613.8
14945.41;2989.38;2995.98;4672.5
14892.82;2989.08;2994.87;4749.9
14801.21;2850.68;2867.29;4672.7
14758.79;2838.93;2877.26;4684.4
14891.71;2827.25;2881.2;4635.2
14958.73;2865.21;2903.27;4679.8
15040.45;2822.83;2897.16;4678.9
15099.64;2828.28;2885.52;NA
14937.2;2873.6;2896.29;4677.2
15068.72;2919.54;2949.61;4746.1
15153.67;2906.71;2969.18;4785.1
15304.37;2982.68;2991.75;4815.6
15250.08;3064.56;3048.32;4879.9
15320.65;3026.82;3039.41;4843.2
15472.31;3080.02;3063.85;4866.9
15460.01;3039.76;3034.07;4919.6
15598.45;3127.46;3093.21;5050.6
15477.49;3094.76;3055.23;5019.6
15384.13;3140.34;3083.85;4982.6
15437.84;3178.15;3121.9;4997.6
15582.97;3219.47;3152.16;5045.2
15560.74;3168.71;3108.94;5038.2
15573.27;3264.5;3174.49;5035.1
15707.64;3286.48;3200.75;5089.9
15858.46;3304.15;3213.93;5084.9
NA;3247.11;3164.91;5048.8
15910.38;3238.98;3190.11;5043.3
15843.78;3186.39;3119.24;5004.2
15730.15;3217.34;3103.34;4932.6
15937.8;3198.82;3108.7;4947.8
15982.37;3241.22;3103.46;4928.1
15930.57;3224.66;3109.02;4958.7
15987.5;3220.58;3084.1;4963.4
15751.78;3146.55;3013;4925.4
15921.83;3241.04;3079.07;4965.6
16053.61;3241.92;3092.09;4987.4
16338.22;3239.61;3072.4;4987.2
16829.47;3332.87;3182.19;5051.6
16711.03;3344.46;3177.97;5128.9
16893.01;3322.43;3139.93;5141.8
17027.04;3269.84;3098.28;5140.9
17108.8;3326.51;3138.27;5116.2
17489.4;3396.07;3190.23;5181.6
17471.05;3384.69;3179.33;5207.7
17382.86;3387.64;3150.72;5199.5
17435.78;3330.68;3129.37;5161.4
17695.59;3366.71;3129.21;5175.7
17805.82;3287;3081.06;5167.4
17615.45;3318.15;3092.62;5164.3
17318.57;3304.48;3089.41;5189.4
17390.39;3374.82;3156.86;5224.7
17458.47;3356.89;3109.32;5230.3
17961.51;3417.77;3164.93;5256.3
18048.18;3428.12;3142.39;5273
17894.13;3429.03;3172.51;5293
18004.31;3487.86;3210.27;5325.6
17978.89;3438.89;3169.63;5345.1
17822.73;3405.31;3142;5342
17932.76;3438.36;3187.61;5355.1
17877.71;3375.66;3126.15;5296
18417.7;3331.89;3130.56;5292.3
18372.55;3332.24;3165.49;5320.8
18600.68;3339.58;3188.32;5345.5
18999.96;3381.71;3208.23;5365.3
18958.84;3398.89;3208.06;5415.4
19388.03;3452.7;3261.7;5450.1
NA;3443.93;3279.21;5513.5
19613.34;3507.23;3301.08;5533.4
19602.26;3504.53;3310.7;5577.1
19554.47;3501.23;3280.34;5536.8
20024.02;3565.47;3306.42;5574.6
20615.62;3549.05;3328.99;5597.8
20622.01;3500.09;3291.36;NA
21059.4;3455.48;3256.69;5562.9
20996.25;3483.08;3280.02;5575.2
20858.78;3492.67;3322.95;5569.6
21336.29;3484.58;3311.42;5593.2
22033.81;3571.22;3358.52;5645.8
21921.79;3567.2;3365.45;5675.7
21659.87;3647.51;3422.78;5778.9
21189.13;3668.67;3410.69;5707.7
20713.37;3607.71;3392.75;5713
20744.88;3641.53;3409.72;5739
20426.4;3593.73;3375.26;5710.2
19983.97;3536.87;3328.71;5641.4
20156.2;3566.85;3348.25;5610.3
19881.39;3508.06;3322.56;5625.3
19824.11;3516.31;3338.36;5645.9
20279.94;3564.75;3386.41;5667.5
20223.61;3561.03;3393.93;5689.8
20200.89;3612.02;3415.01;5709.5
20261.1;3578.7;3373.64;5718.3
19704.26;3456.27;3282.95;5664.8
19783.39;3411.02;3266.04;5621.7
19824.82;3307.34;3263.78;5633
19805.49;3326.27;3230.54;5561.4
20002.37;3324.85;3216.76;5497.7
19771.96;3323.38;3188.71;5502.3
19330.49;3256.78;3134.99;5457.8
19338.26;3329.83;3191.01;5476.9
19675.02;3276.64;3192.94;5529.1
19938.26;3419;3296.36;5592.5
20649.68;3404.91;3281.36;5628.5
20566.33;3355.78;3254.75;5638.7
20920.37;3395.33;3248.61;5679.4
21161.76;3481.9;3324.99;5728.3
21181.21;3471.25;3306.12;5755.5
21107.56;3538.39;3360.34;5786.8
21512.68;3538.13;3344.9;5791.5
21818.77;3570.58;3374.98;5850.6
21395.01;3577.72;3357.49;5835.5
21213.89;3516.67;3353.72;5831.6
21080.52;3559.33;3358.8;5812.5
20632.65;3580.08;3363.3;5823.7
20318.41;3490.6;3302.7;5713.4
20339.87;3497.14;3264.29;5630.7
20214.77;3452.64;3266.27;5634.1
19948.17;3517.1;3306.59;5653.4
20553.45;3586.93;3352.15;5683
20449.96;3615.42;3366.95;5700.6
20757.4;3639.66;3387.36;5712.9
20663.72;3655.99;3373.2;5724.4
20752.56;3744.5;3439.07;5768.2
20413.76;3741.71;3424.81;5766.2
20399.03;3717.7;3393.25;5728.4
20647.55;3733.93;3412.18;5757.1
20602.63;3782.56;3453.13;5830.2
20691.85;3746.24;3425.19;5807.3
NA;3729.87;3406.05;5758.3
20401.72;3748.34;3411.05;5789.5
20388.22;3765.59;3412.55;5779.9
20425.08;3797.4;3448.6;5779.4
19899.74;3674.54;3359.3;5692.1
19674.12;3666.28;3352.92;5711.8
19333.5;3652.29;3343.38;5682.8
18782.83;3638.04;3324.39;5634.7
19144.28;3642.25;3366.12;5632
19310.32;3737.09;3412.05;5682.8
18962.63;3733.16;3418.15;5698.4
19056.01;3712.98;3415.19;5710.2
19249.11;3744.99;3431.66;5709.4
19231.52;3745.95;3424.79;5712.6
19818.78;3821.2;3490.26;5753
19850.94;3809.26;3471.86;5780.2
19854.94;3875.66;3501.93;5800
19626.04;3874.78;3496.55;5812
19610.2;3841.73;3457.14;5780.1
20066.46;3806.54;3434.91;5764.2
20336.97;3846.18;3456.12;5775.1
20297.58;3820.92;3438.85;5709.6
20476.83;3858.85;3467.9;5680.8
20725.98;3860.13;3470.6;5692.1
20733.41;3875.47;3490.42;5714.3
20693.37;3865.98;3486.6;5664.3
20516.22;3847.57;3479.87;5646.7
20637.72;3870.88;3503.21;5677.8
20603.46;3898.42;3502.04;5714
20635.98;3876.94;3496.06;5716
20862.08;3903.34;3500.09;5749.6
NA;NA;3510.3;5753.9
NA;NA;NA;NA
20855.13;3952.72;3520.79;5775.9
20862.15;3965.16;3529.18;5805.3
20820.07;NA;3557.9;5802.3
21299.37;4018.5;3596.8;5834.1
22017.8;4035.9;3608.29;5837.6
21953.58;4035.44;3595.82;5837.3
21972.55;4004.4;3563.51;5844.3
21958.3;4045.43;3592.73;5915.6
21813.73;4016.18;3574.8;5933.8
22276.67;3995.91;3560.1;5920.4
22338.16;3996.22;3576.18;5963.6
22012.32;4055.21;3612.55;6016.1
22155.21;4068.75;3626.97;6038.9
22010.2;4111.64;3671.8;6108.1
22144;4139.92;3689.97;6137.4
22238.18;4106.41;3660.19;6127.7
22137.2;4138.04;3676.38;6120.4
22411.71;4139.86;3695.6;6069
22490.12;4151.83;3693.36;6045.4
22518.16;4128.68;3675.72;6036.4
22469.07;4134.42;3697.42;6050.4
21829.92;4150.24;3706.79;6029.9
21751.41;4095.71;3662.3;5965.5
21947.21;4058.6;3638.44;6023.9
22227.67;4071.6;3665.02;6057.4
22063.42;4057.51;3638.21;6044.3
22160.85;4028.37;3607.57;6010.9
22244.16;4014.79;3610.31;6046.3
22512.88;4044.99;3624.72;6094.4
23085.1;4098.97;3663.73;6133.5
23352.78;4110.8;3668.45;6118.2
23259.48;4122.16;3677.85;6134.7
23400.42;4121.65;3681.56;6171
23293.96;4057.05;3649.34;6197
23448.51;4070.46;3678.07;6205.5
23493.64;4095.86;3703.82;6244.9
23477.31;4095.34;3709.02;6275.6
23187.76;4141.53;3759.32;6297.7
23333.88;4073.35;3733.28;6307.8
23133.04;4068.71;3731.15;6299.3
22586.84;3991.42;3683.44;6253.2
22653.53;3995.34;3702.63;6244.8
22759.79;4007.81;3714.49;6259.8
23317.86;4018.16;3725.44;6269.9
23844;4054.43;3748.87;6322.5
23811.24;4100.34;3785.36;6353.6
23718.78;4071.7;3758.51;6317.9
23677.32;4133.78;3776.94;6337.9
23858.06;4126.14;3761.11;6357.3
24243.21;4145.99;3781.38;6388.8
23832.67;4087.55;3737.03;6359.3
23910.67;4044.7;3758.09;6301.6
23503.91;3904.95;3646.43;6176.9
23677.41;3915.38;3661.78;6257.8
23275.18;3810.76;3573.84;6173.3
23509.11;3822.37;3588.04;6159.4
23668.68;3896.79;3656.04;6209.1
23309.5;3827.43;3589.98;6189.3
23089.18;3819.15;3613.28;6240.2
23027.54;3729.23;3539.22;6132.5
23355.72;3728.82;3539.91;6134.6
23353.94;3726.07;3518.45;6148.8
23642.82;3811.92;3570.4;6217.9
23682.14;3822.33;3592.39;6203.4
23863.74;3881.25;3634.18;6237.5
24044.58;3874.04;3620.1;6251.6
23870.12;3856.7;3625.23;6259.4
23883.68;3924.85;3669.98;6294.2
24387.78;4007.6;3739.91;6332.2
24559.35;4048.6;3781.2;6324.8
24559.06;4022.81;3746.11;6308.3
24463.68;4001.16;3734.56;6323.1
24694.14;4013.53;3740.11;6341.2
NA;NA;NA;NA
25206.59;4071.42;3774.69;6348.4
25013.5;4012.77;3731.43;6264.2
25196.35;4004.61;3722.76;6269.4
25059.06;4033.98;3751.59;6258.4
24955.12;4025.07;3743.43;6286.1
25130.82;4061.13;3773.43;6345
25158.3;4026.15;3743.15;6295.5
24469.7;4059.15;3785.55;6313.8
24639.75;4103.62;3811.43;6366.7
24613.85;4125.83;3785.55;6370.6
24611.79;4134.1;3782.09;6362.2
24601.56;4065.74;3722.59;6311.3
24100.2;4008.91;3689.39;6250.2
24304.41;3985.21;3674.28;6210.7
NA;4007.65;3705.48;NA
24454.64;3990.75;3700.79;6228.8
24126.04;4022.1;3729.38;6218.8
23919.36;3909.46;3655.14;6168.1
23651.06;3895.64;3653.18;6113.5
22962.68;3784.61;3553.35;5942.9
22623.5;3849.84;3606.41;6001.2
22870.31;3776.24;3564.34;5969
22523.4;3824.93;3614.24;6010.7
22677.49;3803.1;3603.26;5981.2
22743.79;3754.37;3553.02;5883
22984.54;3789.24;3569.14;5943.7
23261.2;3872.26;3643.32;6027
23282.2;3839.32;3609.97;5978.6
23280.31;3831.84;3607.02;5994
23245.43;3867.84;3628.82;6001.9
22891.66;3828.07;3610.53;5983.6
23290.65;3867.52;3659.92;6033.7
23421.78;3913.33;3679.37;6031.9
23541.74;3902.72;3652.03;6053.6
23607.7;3921.41;3669.63;NA
23506.94;3864.18;3624.47;6026.5
23738.38;3888.31;3646.23;6050.2
23665.75;3917.08;3654.37;6044.9
23506.95;3961.93;3698.87;6096.8
23669.64;4017.81;3722.23;6128.4
23673.81;4018.95;3723.46;6148.1
23422.03;3997.76;3699.29;6162.4
NA;4021.64;3711.38;6166.9
23471.19;4014.56;3699.38;6159.1
23157.08;3948.65;3647.1;6099.3
23260.42;3987.3;3683.43;6100.7
23203.13;4003.24;3714.5;6130.6
23007.8;3985.46;3718.08;6142.3
23058.88;3999.79;3740.9;6134.4
23437.69;3989.31;3740.28;6168.4
23385.13;3928.39;3700.32;6163
23569.8;3945.1;3720.14;6188.2
23635.15;4007.05;3755.75;6193.9
23818.92;4013.35;3742.38;6225.6
23938.12;4069.35;3771.58;6252.6
24000.81;4069.73;3756.48;6257.7
23949.32;4052.73;3732.99;6277.9
23895.98;4035.02;3716.2;6240
23757.22;3998.77;3685.06;6221.3
23770.62;3995.73;3688.18;6194.3
23635.11;3944.88;3660.68;6137.5
23766.63;3930.58;3660.4;6120.4
23861.8;3934.48;3670.41;6088.2
23847.56;3924.49;3668.48;6090.6
23744.85;3893.24;3651.63;6088.2
23526.43;3903.88;3656.18;6109.4
23364.64;3898.84;3648.75;6071.8
23188.88;3847.19;3610.55;6043
23508.21;3845.93;3610.4;6073.9
23611.95;3812.63;3592.63;6063.5
23710.7;3837.6;3607.39;6045.6
23994.65;3877.48;3637.47;6074.4
23813.55;3801.05;3572.84;5998.2
23879.13;3797.33;3567.29;5991.1
23913.25;3752.59;3532.61;5927.9
23809.3;3814.08;3565.1;5948.4
23584.33;3807.21;3575.92;5963
23628.41;3889.68;3643.79;6014.9
23632.26;3895.61;3647.1;6023.5
23637.73;3862.71;3623.79;6017.7
23786.52;3877.32;3650.8;6026.6
23835.26;3823.74;3607.58;5951.8
23981.22;3829.03;3622.98;5956.8
23736.3;3727.74;3528.64;5886.3
23503;3690.33;3497.3;5834.4
23551.06;3720.64;3533.06;5875
23244.96;3678.91;3502.95;5858.5
23324.91;3658.11;3494.23;5869.7
23367.62;3646.99;3484.84;5857.3
23394.2;3699.11;3516.68;5881.6
23623.21;3705.73;3533.13;5908.1
23751.64;3726.5;3541.48;5916.1
23787.9;3722.99;3544.42;5956.3
23917.9;3712.61;3538.02;5959.2
23940.99;3772.14;3589.69;6016.6
24224.52;3771;3594.38;6036.7
23961.29;3788.88;3595.26;6036.3
23955.06;3832.28;3629.84;6073.6
24179.82;3851.18;3649.24;6086.1
24132.01;3838.85;3636.71;NA
24239.18;3785.21;3594.28;6087.3
24306.21;3817.62;3613.23;6108.7
24364.44;3833.45;3633.38;6133.5
24412.73;3866.99;3665.94;6155.9
24537.05;3887.58;3673.03;6198.2
24838.55;3889.04;3682.14;6217.5
24953.9;3884.16;3677.55;6233
24829.52;3851.22;3652.02;6222.3
24939.36;3886.03;3677.61;6246.7
25094.96;3953.31;3725.4;6272.8
25078.73;3947.75;3708.03;6251.4
25182.21;3941.75;3691.85;6250.2
25185.9;3963.65;3691.68;6259.1
25312.54;3988.07;3726.22;6296.1
25238.82;3977.68;3703.69;6277.9
25272.68;3991.02;3731.14;6276.5
25199.8;3942.35;3692.11;6268.8
25078.12;3905.66;3653.1;6205.2
24869.27;3910.3;3673.51;6222.5
24955.99;3874.37;3656.93;6226.8
25128.67;3882.27;3667.47;6233.7
25190.32;3920.36;3682.67;6262.8
25267.83;3892.9;3640.61;6269.1
25254.9;3994.96;3730.16;6333
25619.42;4033.28;3767.06;6401
25735.85;4048.71;3770.24;6391.6
25763.58;4049.66;3764.59;6370.5
25723.74;4043.36;3758.7;6384.1
25451;4015.54;3737.87;6379.5
25489.32;4017.82;3727.64;6372
24949.89;3957.6;3689.85;6312.9
24949.06;3976.03;3694.32;6271.3
24736.48;3940.46;3664.95;6254.1
24871.48;3922.11;3670.76;6273.8
24706.01;3915.17;3659.81;6252.9
25050.85;3964.13;3700.56;6289.7
24927.32;3912.4;3665.68;6244.6
24982.73;3934.06;3687.53;6264.7
25020.16;3935.14;3687.17;6287.2
24736.12;3854.41;3609.06;6241.6
24821.66;3862.26;3619.48;6277
24949.49;3929.03;3678.39;6322.5
24986.95;3959.59;3721.82;6326.5
25419.31;3960.25;3706.82;6321.8
NA;4012.64;3734.07;6361.2
25781.86;4037.57;3765.84;6402.9
25572.8;4039.04;3769.93;6447.8
25503.64;4041.38;3762.45;6466.7
25327.69;4063.58;3780.99;6516.1
25160.94;4068.97;3776.99;6474.4
25554.52;4065.33;3769.94;6471.4
25521.35;4089.13;3784.91;6495.7
NA;4130.81;3833.79;6535.7
25623.95;4143.35;3835.11;6582.3
25312.73;4134.34;3820.97;6592.5
25205.62;4117.22;3794.27;6558
25277.89;4183.41;3844.14;6599.2
25332.93;4178.68;3830.39;6604.3
25309.54;4134.89;3798.78;6599.6
25133.17;4123.98;3774.25;6540.9
24887.11;4113.37;3780.09;6569.6
24852.84;4125.3;3760.7;6583
25153.18;4160.35;3797.59;6596.4
25268.42;4154.27;3782.2;6594
25305.15;4146.98;3780.61;6589.7
25424.73;4126;3753.75;6577.4
25621.27;4186.03;3796.71;6594.1
26107.21;4216.4;3811.45;6620.4
26040.17;4208.87;3783.51;6656
25917.79;4193.91;3767.39;6635.5
26067.84;4212.62;3787.45;6661.5
25917.13;4201.35;3775.04;6657.6
25682.69;4150.41;3747.46;6641.1
25653.67;4174.55;3768.42;6675
25725.89;4219.24;3805.94;6728.9
25664.91;4231.3;3814.39;6715.7
25839.42;4213.69;3802.99;6757.9
26152.39;4233.71;3810.67;6793.6
26206.21;4182.27;3744.92;6767.4
26476.65;4211.55;3764.04;6789.9
26363.24;4214.39;3770.03;6810.9
26201.46;4241.28;3806.15;6843.5
26048.99;4251.62;3819.68;6873
26152.41;NA;3822.76;6865.9
26203.01;4235.36;3817.69;NA
26060.85;4261.79;3824.83;NA
26470.99;4247.75;3827.16;6896.3
26576.86;4256.08;3827.95;6923.1
26636.19;NA;3821.16;6936.8
26709.54;4291.53;3855.68;NA
26567.4;4290.5;3863.3;6983.4
26052.61;4258.24;3829.36;6915.5
25886.84;4300.94;3856.48;6920.9
25931.41;4316.4;3877.96;6964
25752.76;4307.37;3877.82;6957.2
25626.25;4258.01;3848.99;6952.4
25716.82;4208.82;3816.14;6976.1
25813.12;4212.14;3834.11;7020.3
25767.07;4232.36;3854.6;7049.8
25792.33;4245.51;3881.44;7075.3
25278.43;4250.71;3875.02;7057
25390.45;4245.55;3869.01;7088.8
25333.68;4220.43;3842.44;7091.3
25206.5;4213.7;3854.19;7090.6
25224.11;4201.89;3848.71;7070.4
25421.42;4233.95;3882.04;7098.5
25582.91;4214.12;3879.82;7110.2
25690.17;4216.41;3891.4;7106.9
25792.27;4201.81;3870.35;7106.3
25992.99;4254.85;3913.69;7166.2
26297.25;4279.97;3939.18;7225.4
26231.06;4296.31;3951.72;7257.9
26282.9;4281.64;3928.94;7266.5
26638.88;4339.28;3958.01;7295.4
26934.29;4366.35;3981.9;7320.9
26851.06;4371.39;3980.77;7358.4
26719.79;4353.15;3969.62;7347.5
26877.29;4342.01;3970.37;7345.2
26812.09;4387.8;4016.75;7369.5
26809.34;4386.4;4012.11;7370.1
26964.64;4402.03;4030.45;7363.3
27500.69;4368.77;4009.02;7300
27800.77;4369.68;4005.5;7301.1
27752.76;4359.47;4029.02;7295.5
28019.21;4353.34;4022.62;7234.4
27873.45;4323.21;4002.33;7195.2
27793.65;4310.66;3977.19;7175.4
28073.17;4304.29;3977.67;7184.1
28547.1;4348.64;4034.57;7244.7
28294.49;4350.49;4027.16;7254
28227.26;4383.62;4054.98;7280.8
27434.67;4393.43;4062.72;7260.8
27580.53;4373.27;4061.35;7271.8
27841.23;4423.52;4091.58;7314.3
28007.8;4428.09;4108;7299
27901.05;4396.5;4085.38;7267.6
28218.78;4375.6;4066.69;7253
27992.72;4337.68;4038.21;7231.4
27613.97;4360.49;4049.18;7266.6
27301.23;4367.3;4048.55;7257.4
27347.46;4387.69;4077.74;7263.3
26807.67;4309.11;4019.4;7204.4
26623.79;4315.92;4032.07;7194.7
26850;4327.18;4050.77;7222.9
26411.82;4296.36;4033;7228.5
26840.65;4320.69;4047.18;7200
26801.99;4317.2;4032.41;7087.4
26908.71;4343.6;4078.31;7144
NA;NA;NA;NA
26901.25;4351.89;4081.65;7120.2
27023.61;4347.52;4064.61;7083.6
27268.07;4348.77;4067.78;7130.5
27197.35;4373.53;4080.08;7180.6
27178.62;4341.39;4052.32;7136
27419.37;4362.61;4087.94;7163.3
27582.96;4379.18;4106.99;7217.5
27335.08;4389.52;4124.37;7239.5
NA;4400.68;4124.29;7265.1
27358.29;4396.09;4117.62;7241.9
27325.74;4372.12;4096.81;7227
27311.18;4405.69;4116.85;7244.1
27047.14;4402.05;4111.11;7163.4
26865.92;4312.25;4032.28;7072.2
26345.42;4202.2;3949.59;6931.5
26340.77;4204.61;3962.39;6999.1
26082.65;4178.62;3950.02;6981.7
26342.65;4193.7;3951.02;6970.4
26534.04;4223.04;3980.18;7012.9
26565.22;4246.96;3993.07;7016.8
26311.65;4233.76;3993.04;6953.7
25939.43;4189.02;3927.68;6828.7
25726.44;4178.1;3911.45;6738.8
25813.59;4184.84;3911.71;6728.9
25887.04;4224.02;3938.77;NA
NA;4245.54;3955.93;6786.9
25856.91;4264.35;3987.63;6744
25975.86;4299.51;4019.35;6790.7
25977.64;4311.06;4033.46;6780.8
26000.59;4292.41;4020.19;6790
25624.19;4251.13;4000.25;6744.9
25736.82;4244.16;3979.53;6743.4
25839.03;4267.05;4015.65;6807.2
25662.59;4275.7;4017.89;6795
25617.02;4262.18;4010.98;6805.5
25718.46;4251.77;4006.19;6830.7
26092.87;4324.6;4073.15;6857
26187.95;4360.42;4085.98;6931.1
26324;4360.68;4096.18;6934.3
26303.65;4406.95;4118.37;6987
26216.36;4396.64;4102.06;7001.7
26279.48;4389.54;4100.27;7019.3
NA;4436.6;4137.28;7092.4
26712.73;4444.71;4131.83;7105.4
26744.52;4480.43;4134.87;NA
26744.36;4460.63;4120.73;7114.3
26499.16;4527.17;4178.25;7148.2
26793.57;4532.17;4183.72;7169.5
26974.61;4510.39;4162.47;7204.8
27335.87;4497.26;4146.47;7190.5
27441.93;4566.01;4180.74;7243.3
27425.43;4557.29;4171.35;7227.3
27521.19;4562.75;4153.71;7219.3
27574.66;4586.1;4184.1;7264.2
27688.28;4599.21;4203.49;7307.7
27465.18;4591.69;4197.74;7289.8
27827.4;4548.42;4184.36;7258.7
27819.48;4579.87;4185.15;7317.9
27985.85;4604.57;4220.91;7354.9
27996.8;4586.86;4193.4;7335.7
28041.32;4608.11;4222.02;7303.4
28394.28;4619.6;4229.55;7343.7
28336.22;4627.48;4240.18;7381.7
28071.26;4566.48;4199.87;7328.8
27899.23;4523.82;4157.68;7266.4
28108.72;4557.46;4194.33;7310.4
28089.84;4583.63;4231.88;7329.1
28332.05;4586.28;4229.35;7368.7
28620.07;4617.07;4269.62;7446.2
28884.29;4623.41;4264.6;7434.5
28748.36;4603.65;4252.75;7407.4
28908.94;4615.49;4279.95;7496.9
28564.5;4530.18;4220.62;7387.9
28925.62;4597.97;4300.31;7518.7
28922;4663.38;4321.56;7567.4
29248.18;4653.03;4313.78;7537.2
29480.61;4679.89;4343.62;7541.7
29516.37;4699.27;4370.88;7508.7
29430.52;4712.9;4373.77;7470.8
29238.99;4719.57;4363.47;7435
29332.47;4770.54;4424.25;7415.1
29501.51;4784.5;4418.39;7434.6
29363.12;4829.87;4425.66;7467.4
29165.53;4836.9;4415.52;7495.8
29377.4;4842.7;4422.12;7498.9
29601.54;4843.49;4420.78;7493.3
29870.06;4855.35;4433.13;7554.3
30239.88;4892.5;4462.26;7577.1
30448.31;4886.5;4451.74;7605.1
30665.36;4890.85;4456.87;7617.8
31189.89;4932.87;4503.33;7636.6
30813.37;4923.12;4495.48;7675.4
30880.87;4874.06;4458.97;7685.6
30907.2;4827.18;4421.7;7680.5
31314.81;4837.86;4441.01;7673.9
31320.17;4909.48;4491.69;7702.4
31055.32;4990.57;4527.11;7734.6
30968.19;4953.93;4509.1;7695.3
30736.04;4937.33;4476.48;7705.8
NA;4922.34;4466.58;7706.6
31008.13;4883.81;4444.57;7697
30890.68;4871.46;4439.63;7654.5
30562.59;4851.27;4430.07;7619.8
30548.51;4929.91;4487.9;7665
30698.11;4941.69;4485.94;7691.7
30707.94;4917.74;4436.56;7707.4
30697.39;4915.95;4424.43;7704.5
30614.97;4856.01;4378.51;7679.1
30917.73;4783.8;4342.7;7700.5
31090.63;4812.24;4361.27;NA
31362.39;4791.72;4356.66;7722.4
31364.29;4829.69;4399.36;7749.2
31884.02;4842.94;4424.15;7798.5
31959.33;4837.81;4404.95;7792.3
31706.86;4909.89;4430.09;7788.1
31867.64;4968.28;4472.55;7795.4
31893.73;4988.14;4486.19;7850.3
31734.5;4992.75;4465.94;7806.7
32084.46;5005.93;4491.68;7851.1
32426.52;4989.98;4491.82;7901.4
32428.31;4901.88;4453.41;7833.3
32468.53;4911.17;4470.43;7863.1
32916.96;4905.98;4479.39;7866.6
33256.34;4986.5;4509.49;7901.6
33916.85;4926.13;4505.68;7930.2
33756.89;4962.86;4531.8;7929.8
33535.21;4875.22;4468.06;7849.1
33440.06;4849.01;4448.15;7837.6
33223.87;4882.58;4477.2;7867.9
33482.25;4998.16;4566.92;7895.8
33761.72;4965.88;4546.8;7891.9
33384.68;5048.74;4599.63;7935.6
33418.46;5021.17;4578.86;7925.1
33801.17;5044.12;4600.02;7951.1
34281.24;5082.07;4622.54;7967.9
34179.37;5138.02;4650.24;7979.5
33708.53;5069.42;4594.11;7886.7
32700.55;5017.27;4536.9;7777.3
32700.71;5007.77;4528.79;7743
32709.1;5022.79;4536.22;7769.3
33153.19;5032.46;4549.68;7808.4
32891.81;4981.77;4515.05;7756.3
31792.59;4950.07;4470.13;7622.4
31599.89;4975.56;4482.13;7626.8
31842.32;4978.83;4489.21;7626.1
31899.11;4947.18;4461.14;7606.5
31271.9;4845.98;4375.09;7421.5
31761.22;4864.25;4390.66;7486.6
31727.44;4838.4;4366.52;7450.1
31870.61;4901.79;4421.97;7550.3
32146.66;4872.97;4396.99;7535.6
31986.97;4900.79;4412.7;7633.4
31549.78;4806.05;4336.41;7534.9
31728.5;4825.64;4326.71;7500.8
32024.41;4929.07;4436.45;7711.1
NA;4922.55;4434.75;7777.1
32801.74;4954.83;4429.65;7873.3
33178.91;5011;4502.02;7966.1
33317.63;4995.24;4498.7;7947.6
33084.75;5024.2;4503.65;8010.9
32989.06;5008.83;4503.62;8008.7
33026.89;5011.38;4480.23;7989.2
33012.91;5015.55;4479.5;8005
NA;5090.75;4536.49;8043.9
33131.51;5092.43;4548.45;8089.2
33079.31;5110.61;4543.15;8097
33001.54;5081.46;4512.13;8061.2
33590.18;5099.72;4523.18;8102.8
33667.04;5123.5;4556.23;8183.9
33405.9;5170.61;4586.38;8229.2
33119.93;5174.72;4580.81;8245.8
33275.03;5196.08;4608.65;8306.5
33299.94;5187.98;4586.84;8289.7
33392.83;5194.27;4600.48;8318.9
33635.64;5176.59;4575.31;8316.4
33749.78;5199.48;4588.73;8347.5
33926.06;5193.4;4567.41;8327.9
34111.29;5266.55;4636.46;8400.6
34480.66;5307.99;4662.5;8498
34370.99;5266.86;4650.54;8476
34147.53;5300.85;4677.2;8487.9
34481.24;5266.75;4660.58;8504
34447.54;5286.75;4669.93;8443.7
34333.89;5282.12;4661;8478.59
34497.14;5301.21;4673.12;8491.4
34434.25;5310.27;4693.39;8516.9
34803.12;5286.75;4674.85;8493.29
34716.76;5295.81;4673.14;8517.2
34821.8;5353.66;4704.41;8574.79
34942.1;5350.18;4694.85;8594.29
35343.41;5356.6;4703.48;8596.09
35537.63;5397.23;4752.41;8664
35502.94;5398.27;4751.96;8727
35730.36;5419.04;4757.74;8759.79
36068.56;5444.83;4769.37;NA
35854.93;5447.14;4756.93;8745.7
35983.24;5458.58;4772.93;8821.59
35600.79;5408.25;4715.23;8794.29
36046.58;5449.98;4754.91;NA
36814.06;5460.68;4776.98;8893.29
37631.17;5523.62;4838.52;8957.7
37603.47;5516.52;4835.08;8898.29
37921.06;5536.31;4867.14;8915.5
37798.66;5537.1;4875.08;8897.2
37435.49;5494.71;4861.93;8843.09
38090.99;5532.89;4890.49;8928
38071.1;5542.12;4890.24;8938.9
37599.52;5483.08;4850.52;8921.5
38138.21;5514.64;4856.08;8946.79
38129.38;5460.16;4807.14;8881.59
37854.94;5395.6;4772.08;8846.79
38782.85;5430.83;4814.08;8955.59
39013.09;5349.02;4773.48;8969.2
38932.16;5348.72;4751.99;8914.4
38906.01;5334.29;4748.31;8929
39351.63;5427.08;4791;9058.2
39008.07;5548.91;4876.52;9081.7
39106.99;5647.41;4956.6;9207.9
39109.05;5660.02;4936.79;9169.59
37854.95;5674.14;4947.99;9172.59
38038.03;5726.53;4999.39;9276.09
37964.75;5649.6;4927.89;9234.7
37221.99;5657.12;4937.56;9242.2
38072.14;5666.77;4934.58;9287.7
38297.47;5672.91;4935.39;9243.5
38162.66;5666.41;4895.08;9240.7
38335.51;5743.68;4955.74;9368.7
37870.88;5701.47;4910.81;9324.7
37664.27;5756.33;4957.35;9332.79
37978.92;5763.39;4961.33;9320.29
38109.01;5764.37;4934.08;9334.59
37599.64;5789.25;4973.08;9368.9
38625.78;5795.48;5000;9472.79
39165.23;5793.95;4979.93;9456.79
39153.88;5801.04;4991.93;9458.9
39128.31;5862.06;5041.6;9472.9
39222.51;5857.87;5040.39;9467.09
39793.98;5870.79;5073.95;9478.7
40073.44;5915.14;5080.52;9506.59
38854.37;5796.04;5000.45;9448.29
39195.01;5866.6;5057.6;9503.9
39584.2;5783.49;5009.08;9498.5
39357.01;5721.46;4989.14;9472.29
39645.52;5754.06;5010.72;9546
38761.67;5739.27;4992.21;9458.29
38039.72;5673.35;4969.51;9304.5
38136.21;5732.22;5007.83;9381.09
37942.08;5804.91;5069.27;9430.09
37978.94;5855.16;5107.47;9591.79
37672.48;5870.87;5117.16;9645.5
38218.89;5898.48;5127.93;9729
39033.23;5897.79;5126;9814.9
39214.4;5882.37;5141.08;9845.9
39183.95;5902.79;5138.5;9815
38973.86;5911.85;5148.56;9810.09
38890.72;5932.31;5194.77;9858.59
39471.42;5947.1;5194.77;9850.59
39660.78;5973.14;5218.71;9929.9
40040.49;5912.25;5162.43;9855.5
39528.25;5890.62;5149.99;9816.09
39621.08;5914.77;5180.25;9820.79
40115.91;5984.18;5240.1;9855.09
40220.32;5970.08;5220.85;9850.29
40867.61;6024.04;5255.25;9881
40929.2;6013.85;5205.81;9892.29
40825.95;6029.2;5221.02;9935
41216.45;6031.39;5222.35;9954.59
41823.15;5952.91;5174.96;9923.09
41776.32;6003.39;5190.27;9878.9
41446.29;5908.47;5112.6;9743.79
41790.11;5901.25;5085.1;9699.5
42018.42;5918.56;5102.62;9775
NA;NA;NA;NA
42717.75;5902.58;5095.97;9785.2
42715.47;5993.75;5158.14;9871.79
43572.66;6063.27;5206.79;9889.59
43979.52;6094.75;5252.37;9950.79
44446.2;6079.09;5221.43;9949.2
44281.2;6078.79;5235.33;9966.9
44688.66;6107.12;5252.31;9997.59
43646.64;6067.74;5213.54;9925.59
43998.59;6009.89;5188.39;9878.7
NA;NA;NA;NA
44052.76;6051.29;5241.18;9924.4
NA;5968.96;5193.93;9896.29
44769.32;6039.31;5233.7;9956.59
45070.86;6113.29;5286.39;10107.9
45591.9;6127.98;5282.39;10132.29
44939.95;6140.72;5312.18;10135.4
44798.12;6118.37;5278.27;10108.59
45894.55;6054.72;5262.93;10075.4
45390.27;5916.27;5150.45;9811.79
43998.44;5857.02;5064.85;9566.29
43995;5851.91;5081.68;9545.9
43072.07;5652.72;4920.31;9317.29
42853.98;5666.06;4908.68;9134.79
42656.79;5672.27;4944.56;9192.59
40384.46;5546.24;4813.5;8828.59
40815.61;5678.49;4931.52;9234.29
39393.33;5587.23;4870.02;9054
39841.74;5706.06;4949.52;9181.7
40446.42;5788.35;5045.08;9508
40446.26;5755.02;5015.31;NA
39918.83;5622.43;4893.87;9235.5
39632.25;5692.85;4930.18;9298.2
39970.99;5707.58;4947.29;9310.4
40917.49;5687.04;4959.7;9447.7
41234.43;5621.18;4916.04;9351.9
40352.53;5502.81;4797.91;9075.2
40226.29;5543.93;4824.77;9108.9
39259.1;5383.27;4684.33;8813.7
38758.3;5464.08;4768.18;9024.7
37425.81;5395.54;4723.18;8981.2
36148.34;5292.14;4617.58;8721.7
36020.66;5305.99;4615.43;8782.2
NA;5422.22;4724.58;9101.79
36340.62;5376;4694.89;9093.79
37160.35;5439.23;4729.02;9114.09
37187.27;5493.6;4770.41;9119.29
37449.69;5503.41;4774.73;9093.09
37225.96;5533.41;4803.29;9192.79
37402.61;5529.74;4817.62;9195.2
37980.85;5514.62;4801.49;9197.09
39552.76;5459.14;4771.24;9199.09
40124.08;5456.87;4774;9197.2
39986.18;5581.66;4880.37;9303.5
40644.58;5683.31;4965.96;9422.7
40760.21;5712.68;4980.62;9496.79
41132.03;5729;4983.87;9505.59
40814.39;5625.62;4921.29;9421.4
41991.45;5695.47;4966.45;9461.7
42875.6;5681.85;4953.71;9431.59
43265.63;5706.31;4982.48;9390.09
42967.63;5616.04;4914.39;9320.29
43549.11;5637.81;4941.73;9361.4
42080.59;5527.29;4852.52;9176.2
42010.8;5422.22;4780.79;9076.09
41508.16;5416.96;4750.08;9017.09
42076.38;5396.85;4734.54;8968.79
42278.45;5539.29;4846.54;9184.4
43600.19;5545.81;4865.04;9207.2
43418.01;5451;4818.54;9114.2
43630.03;5578.04;4914.93;9223.5
44063.27;5565.75;4933.12;9248.5
44392.66;5583.1;4943;9285.59
45750.76;5659.06;5001.21;9362
45781.7;5705.41;5028.5;9369.5
45894.89;5681.97;5009.41;9355.59
45121.18;5596.74;4948.23;9344.7
44735.66;5680.81;5026.25;9394
43507.4;5640.02;4983.68;9264.29
44003.29;5723.02;5040.95;9359.09
43648.7;5626.66;4956.33;9285.9
43609.44;5651.91;4967.95;9299.59
44519.14;5702.81;5025.14;9329.09
43758.99;5630.96;4976.64;9261.5
42742.67;5628.37;4985.52;9254
42977.02;5692;5046.93;9303.9
NA;5776.79;5115.02;9359.59
43402.61;5812.93;5137.31;9448
42968.6;5833.5;5144.83;9486.59
43166.87;5817.02;5135.68;9513
43194.29;5794.83;5104.64;9503.7
43513.69;5818.41;5128.33;9493.09
43516.97;5775.54;5082.73;9454.2
42900.39;5814.08;5112.85;9459.9
42583.71;5811.47;5111.12;9491.59
42384.4;5854.99;5148.52;NA
43330;5847.02;5160.31;9531.79
43787.24;5867.52;5182.79;9581.5
43363.32;5859.56;5165.04;9601.2
43488.03;5876.54;5183.45;9702.09
44770.05;5909.72;5203.24;9759.79
45033.33;5884.06;5172.85;9761
44716.62;5813.06;5115.52;9700.9
44301.11;5773.72;5060.08;9576.11
44071.87;5795.25;5073.56;9606.29
43768.52;5798.46;5058.31;9523.09
44289.74;5873.85;5125.97;9605.5
44795.81;5906.12;5137.93;9669.2
44429.85;5907.37;5123.85;9727.09
44352.51;5937.87;5144.87;9785.59
44870.85;5926.33;5146.96;9799.5
44659.39;5873.46;5115.99;9738.7
44176.62;5954.37;5192.74;9791.09
44057.54;5962.02;5208.31;9853
43772.07;5883.31;5141.95;9784
44222.21;5901.66;5146.49;9755.79
44387.9;5960.62;5219.58;9844.9
43995.91;5989.71;5243.1;9911.79
44360.14;5989.16;5250;9978.2
44052.54;6004.33;5250;9996.79
44209.1;5999.46;5243.12;10023.9
44007.66;5992.22;5219.79;9953.5
44267.46;6046.37;5256.54;9997.29
45008.8;6075.27;5288.52;10128.59
44966.63;6085.81;5282.06;10176.79
45464.58;6084.39;5284.74;10152.29
46138.35;6117.71;5309.79;10244.5
46340.32;6119.45;5313.18;10247.09
46950.76;6160.27;5361.5;10347.29
47280.43;6173.68;5353.23;10399.59
47393.92;6186.54;5361.97;10378.2
46812.97;6115.1;5302.99;10219.7
47651;6182.77;5361.29;10342
47823.87;6177.41;5359.74;10340
47562.92;6202.81;5375.35;10356.5
47432.27;6242.91;5411.81;10361.2
47523.51;6247.52;5404.54;10401.59
47951.5;6264.91;5422.27;10425.4
48310.22;6284.18;5433.79;10465
47761.04;6262.54;5396.02;10355.29
47209.15;6258.18;5362.23;10308.59
47358.12;6268.91;5348.73;10372.2
NA;6291.89;5370.85;10408.9
47361.53;6223.33;5310.06;10393.59
47833.42;6241.14;5336.29;10384.59
48767.01;6330.64;5402.35;10495.4
49534.64;6361.96;5437.77;10559.9
49437.06;6349.25;5437.16;10562.29
49555.18;6358.68;5448.6;10590.9
49032.64;6357.77;5447.5;10653.59
48958.52;6393.73;5490.56;10712.79
48900.38;6387.37;5476.27;10718.2
48099.01;6430.89;5511.52;10797.2
48526.8;6443.02;5505.72;10830
48300.38;6412.35;5439.71;10711
48381.06;6452.33;5454.74;10725.9
48977.6;6460.39;5459.35;10752.2
49698.12;6476.12;5452.49;10687.7
49701.36;6475.25;5424.85;10665.2
49566.07;6411.96;5389.46;10590.2
49477.9;6298.16;5308.64;10493.59
49344.9;6281.68;5306.24;10497.2
50425.36;6363.79;5381.25;10666.09
50230.32;6309.18;5327.64;10673.9
50601.74;6241.12;5254.04;10698.9
51680.97;6295.23;5296.08;10751.9
52370.79;6372.79;5359.68;10834.09
52019.87;6369.5;5350.62;10860.2
52338.99;6413.02;5379.21;10891.29
52166.51;6427.41;5384.16;10944
52024.79;6469.41;5427.56;10988.59
51747.14;6476.16;5426.81;10931.9
51927.09;6520.77;5475.85;10980.5
52037.95;6552.58;5509.58;11049.09
51961.96;6588.83;5541.62;11086
52242.23;6597.25;5530.31;11087.7
50778.15;6553.5;5484.75;11055.29
50164.95;6586.91;5514.41;11048.09
50232.37;6573.96;5510.39;11066.4
49730.58;6503.12;5453.93;11083.5
NA;NA;NA;NA
50740.19;6608.85;5540;11155.29
50477.49;6611.81;5533.35;11190
50411.82;6596.91;5541.75;11177.79
51202.99;6681.12;5617.71;11312.59
51220.11;6691.31;5610.91;11315.9
50381.11;6674.39;5574.56;11245.9
49560.26;6593.08;5517.35;11186
49512.92;6607.58;5518.58;11156
49769.49;6614.37;5533.02;11150.5
49264.41;6566.56;5501.95;11086
50484.05;6687.29;5609.79;11123.4
51020.94;6705.16;5617.62;11111.7
52198.67;6731.74;5631.08;11206
52195.63;6716.81;5591.54;11124.5
52362.24;6701.7;5561.77;11094.59
53853.2;6689.62;5555.04;11122.9
54048.19;6747.16;5614.7;11167.7
53574;6687.31;5579.77;11166.59
53652.21;6678.93;5575.06;11102.2
53681.53;6748.37;5638.08;11192.79
53433.5;6719.58;5609.2;11171.09
53487.96;6690.33;5582.29;11118.59
53792.04;6726;5619.7;11104.7
53717.9;6788.23;5645.58;11131
54558.15;6789.1;5608.31;11100.29
55431.48;6851.27;5662.25;11221.5
55314.03;6885.75;5677.29;11343.29
55358.58;6874.06;5681.1;11406.5
55236.06;6875.7;5676.77;11479.4
55099.87;6915.56;5703;11502
53519;6876.73;5665.1;11441.9
53826.85;6911.1;5692.45;11522.79
52939.24;6859.45;5643.95;11454.79
53920.38;6895.33;5682.68;11475.7
54145.91;6961.18;5725.83;11541.29
53896.08;6958.62;5720.87;11574.59
53834.86;6957.06;5713.58;11556.4
54712.06;6987.08;5739.89;11636.09
54274.69;6982.91;5713.45;11586.9
54821.35;6941.66;5694.56;11543
55641.5;6973.73;5707.85;11584.4
55702.53;6992.58;5716.37;11600
55339.76;7027.58;5759.75;11612.4
52906.36;6819.64;5588.39;11180.9
51900.39;6715.43;5516.31;11082.9
51503.02;6640.24;5458.39;10983.9
51917.31;6603.31;5424.7;11046.09
50746.74;6534.56;5385.02;10857.9
51482.87;6595;5437.12;11013
51415.62;6617.75;5455.06;11184.5
53059.95;6713.23;5524.25;11363.79
52910.76;6716.52;5537.83;11410.59
53053.52;6715.49;5496.06;11418
52739.95;6623.99;5432.93;11260.9
52873.49;6447.7;5296.22;10944.09
53206.81;6585.47;5389.85;11219.5
53676.93;6579.87;5382.16;11269.2
54591.45;6671.41;5458.95;11438.7
54537.92;6700.29;5503.27;11459.29
55234.92;6712.06;5502.18;11612.7
56315.4;6856.96;5598.37;11708.09
56936.49;6899.06;5634.75;11702
56464.39;6828.81;5576.29;11655.59
56643.45;6858.33;5587.06;11641.79
56288.81;6816.89;5552.68;11582.7
57283.19;6897.08;5631.52;11665.7
57524.57;6917.02;5634.16;11689.3
56816.19;6937.16;5645.56;11759.9
57604.37;7045.56;5711.91;11885.5
57981.75;7073.91;5739;11889.2
58183.82;7099.91;5741.37;11915.9
NA;NA;NA;NA
58928.03;7166.66;5766.27;11991.09
59206.43;7152.83;5751.91;11955.29
58298.23;7142.95;5748.93;11894.7
58822.47;7212.06;5789.33;11925.2
59424.56;7338.06;5861.97;12015.9
59353.79;7348.83;5858.14;11926.59
59682.03;7282.33;5835.95;11874.59
59268.34;7242.73;5829.04;11799
60316.69;7342.54;5938.89;11900.59
60311.28;7335.62;5917.31;11924.29
59722.61;7270.31;5886.02;11816.9
59535.37;7343.08;5947.33;11904.2
59477.13;7387.02;5944.43;11928.29
59378.12;7378.12;5930.77;11903.5
59805.48;7408.87;5960.04;11929.37
NA;NA;NA;11911.4
60331.66;7455.93;5990.12;12019.29
NA;7476.68;6004.27;12046.09
61553.73;7516.75;6068.83;12210.79
61283.82;7525.68;6071.48;NA
60116.28;7442.2;6034.25;12107.9
60121.37;7475.99;6051.62;12057.09
59328.29;7415.33;6012.75;12062.4
59667.38;7479.33;6050.62;12033.79
60516.96;7459.6;6026.41;12037.59
59885.65;7505.35;6049.75;12092.2
59588.89;7481.25;6017.91;12102.59
59350.3;7499.5;6027;12143.59
59952.26;7607.54;6101.14;12202.79
61050.47;7619.31;6089.91;12201.5
61782.82;7659.39;6089.72;12176.29
61505.85;7735.87;6120.2;12220.2
61888.7;7697.37;6048.31;12130.5
61664.68;7739.2;6057.49;12057.59
62623.62;NA;6071.47;NA
62779.18;7781.04;6056.39;12106.7
62313.96;7764.97;6042.14;12023.2
63566.15;7883.04;6104;12111.09
64610.81;7987.85;6168.14;12196.7
64499.16;7976.79;6125.81;12135.4
64622.68;7919.83;6078.54;12066.2
63527.02;7730.04;5977.87;11782.4
NA;7618.6;5890.49;11626.29
62956.22;7590.5;5883.29;11583.59
63873.02;7706.1;5940.08;11635.5
63348.68;7678.25;5898.16;11581.5
63821.78;7680.75;5934.27;11597.7
64698.72;7849.16;6047.23;11809.2
65438.16;8030.64;6105.27;11999.59
65319.08;8036.12;6087.14;11947.5
65473.8;8033.52;6071.66;11817.2
64940.2;8090.49;6093.29;11797.5
65003.34;7964.71;6029.79;11617.09
65712.81;7949.62;6023.25;11589.09
65800.94;7930.6;6002.85;11577.4
66578.68;7860.52;5953.35;11537.09
65609.18;7801.23;5941.66;11391.9
66425.27;7921.35;6006.31;11519.2
66077.69;8007.31;6054.93;11527.59
65637.39;7958.24;6026.95;11534.29
66608.21;8050.68;6069.83;11747.59
66951.73;8075.25;6098.08;11834.2
66850.08;7987.12;6059.52;11802.79
67568.51;8048.31;6102.68;11867.29
67288.84;8077.39;6104.66;11859.59
66219.44;7964.75;6019.22;11732.09
65815.13;7898.54;6001.08;11666.79
65895.9;8053.43;6103.04;11809
65989.73;8092.77;6117.96;11922.9
65079.43;8105.68;6125.6;11917.29
65056.7;8038.21;6099.21;11801
64971.55;7893.6;5995.97;11726
65915.43;7991.21;6065.5;11880.2
65257.29;7874.85;5957.16;11819.4
66045.6;7944.21;6009.16;11782.2
65252.94;7806.79;5907.47;11584
64842.32;7692.54;5837.1;11415.9
63188.16;7508.96;5675.04;11033.4
62609.47;7451.68;5643.96;10984.5
62547.98;7456.31;5646.35;11071.7
63670.52;7584.14;5751.08;11337.5
62297.26;7473.93;5654.29;11188.9
62426.43;7534.12;5682.06;11233
61684.42;7435.66;5597.89;11185.79
60750.1;7444.45;5532.99;10998.79
61343.31;7513.66;5620.39;11235.2
61302.4;7605.93;5749.29;11455
60310.62;7453.58;5624.77;11212.09
58395.54;7343.25;5448.62;10889.5
59707.66;7474.33;5569.27;11167.9
59123.73;7425.06;5478.66;10998.59
NA;7445.89;5442.72;10889.4
55510.57;7270.06;5265.47;10462.59
56506.52;7378.29;5363.62;10686.2
56759.16;7407.52;5399.37;10703.79
56034.83;7424.75;5418.77;10639.29
58592.8;7500.48;5518.16;10910.7
59253.2;7511.96;5523.33;10945.7
60108.17;7507.27;5569.37;10969.5
60073.46;7485.99;5590.54;NA
59447;7430.24;5474.16;10793.79
59960.66;7439.18;5520.02;10891.9
59061.57;7519.93;5592.52;11099.5
60649.86;7638.16;5662.7;11309.2
61010.54;7648.58;5651.27;11358.4
61406.64;7721.77;5672.72;11510.79
60397.88;7588.02;5551.54;11300.7
59920.85;7621.72;5576.62;11330.79
59197.36;7436.62;5430.1;11107.7
58174.13;7375.43;5386.43;10974.79
58692.07;7457.89;5478.93;11212.29
59619.65;7472.99;5508;11219.7
60416.65;7535.97;5565.97;11172.4
60071.34;7497.74;5538.91;10954
59984.91;7479.85;5439.37;10745.29
60579.02;7575.21;5549.35;10802.79
62572.56;7750.83;5730.81;11136.29
62599.59;7735.08;5688.75;11013.79
62259.23;7794.43;5700.64;11094.7
61570.24;7787.91;5692.49;11040.79
61032.04;7769.43;5641.58;10853.2
61230.87;7804.14;5690.77;10889.29
61030.29;7853.79;5733.37;11039.5
60368.92;7861.5;5715.68;11037.4
60287.53;7922.41;5773.25;11081.5
61196.53;7946.79;5799.27;11231.4
60946.96;7955.29;5806.18;11360.2
61048.09;7944.99;5804.39;11370.5
61554.11;8002.18;5843.24;11390.4
61752.98;7974.37;5829.39;11328.7
63068.13;7980.43;5861.93;11427.79
62967.03;7986.56;5838.49;11512.09
64057.16;8033.68;5862.83;11622.9
63813.86;8041.25;5843.95;11576.29
64292.3;7969.47;5807.43;11439.9
63301.4;7962.64;5774.35;11366.2
63618.68;7985.41;5818.79;11538
62552.95;7921.39;5767.24;11411.59
63132.68;7884.12;5740.48;11299.29
62626.86;7794.93;5661.27;11177.9
63836.9;7842.79;5705.04;11359.09
63436.77;7828.96;5674.66;11278.5
63604.32;7932.43;5760.29;11480.5
63366.34;7949.16;5794.87;11509.59
63759.55;8009.66;5836.18;11552.79
63363.58;7977.93;5803.93;11479.09
63126.46;8019.22;5847.95;11666
NA;7880.85;5730.91;11526.29
62154.65;7849.49;5720.41;11442.7
61759.14;7807.54;5684.62;11314.4
61527.41;7827.18;5709.41;11334.9
59953.16;7799.62;5683.22;11134.5
59276.14;7819.47;5631.62;11032
58222.82;7812.39;5524.18;10859.09
57244.48;7806.83;5535.56;10894.29
57978.35;7777.56;5538.91;10920.2
57383.98;7783.1;5613.6;11070.9
55600.24;7667.02;5561.12;10901.59
55517.65;7612.25;5523.62;10766.2
55558;7511.97;5432.56;10404.5
55668.29;7630.31;5506.68;10499.9
54670.59;7518.41;5381.29;10212.9
55613.8;7562.1;5416.1;10314.9
56094.38;7608.96;5521.16;10531.2
55385.73;7567.35;5458.39;10452.9
54575.42;7531.35;5434.16;10291.5
55778.34;7723.66;5561.21;10591.5
56105.33;7765.18;5598.1;10664.7
56680.28;7870.52;5670.56;10748.79
56412.82;7837.25;5629.46;10560
56514.37;7808.93;5547.21;10268.9
58142.96;7944.77;5659.06;10511.5
58126.18;7940.58;5673.75;10495.79
58635.79;7994.06;5718.75;10632.9
58795.04;8033.35;5750.91;10630.29
58396.83;8009.41;5724.75;10647.9
58629.86;8076.12;5743.31;10643
57736.5;7928.31;5590.91;10334.7
56871.39;7948.35;5605.35;10413.59
55401.61;7825.43;5514.87;10140.4
55130.63;7850.74;5509.37;10187.2
55060.77;7837.31;5497.41;10231.9
55309.84;7869.18;5511.45;10397.2
55792.46;8002.66;5602.77;10531.59
NA;NA;5614.27;10586.7
NA;NA;NA;NA
56560.93;8038.6;5627.48;10608.29
55648.53;8067.31;5627.25;10650.29
NA;NA;5614.08;10657.79
55521.39;7949.1;5550.35;10650.7
55497.97;7908.41;5546.08;10540.9
54850.74;7808.68;5446.79;10265.29
53718.51;7817.16;5452.83;10093.09
53862.62;7849.99;5495.66;10161.59
52419.12;7782.71;5435.41;9964
51123.31;7713.08;5400.43;9800.59
50400.82;7717.95;5371.41;9829.79
49644.93;7732.02;5403.5;10031.59
47863.64;7566.37;5250.81;9765.79
46204.97;7471.56;5225.39;9626.9
46548.84;7413.52;5157.08;9662.59
47128.67;7314.16;5092.39;9680.1
44509.36;6790.18;4744.45;9260.59
45113.17;6769.47;4842.54;9612.79
45362.07;6439.21;4636.75;9493.7
47258.73;6821.06;4915.29;9856.29
47522.07;6816.74;4878.12;9738.5
46632.21;6818.85;4848.29;9640.5
48037.07;6892.96;4941.45;9905.4
48451.01;6875.35;4873.56;9908.5
47747.81;6851.75;4869.79;9881.79
49092.2;6968.67;4978.06;10186.59
49429.45;7000.49;4973.64;10262.09
47874.99;6765.25;4776.85;9955.29
47929.48;6847.51;4816.43;9904.5
47263.33;6733.72;4723.79;9764.2
47588.98;6767.28;4709.64;9807.5
47942.35;6743.54;4682.7;9735.4
49364.33;6967.84;4840.71;10040.2
49770.4;6973.67;4855.39;9996.09
50029.37;6962.28;4858.64;10089.2
49309.45;6832.43;4771.79;9897.9
50193.53;6967.55;4861.79;10084
50149.68;7002.29;4885.83;10208.59
49837.48;6899.68;4812.81;10124.4
49721.81;6904.85;4858.85;10181.7
49320.22;6806.29;4824.54;10051
49413.12;6882.56;4919.25;10275.29
49038.71;6985.97;4973.06;10383.9
48910.13;6997.85;4968.81;10421.09
48505.48;6862.52;4865.23;10230.79
47522;6748.13;4790.66;10067.9
46556.85;6689.95;4742.66;10013.9
45807.69;6545.04;4675.91;9944.5
46772.32;6683.71;4756.41;10144.09
46335.81;6591.31;4678.04;9990.79
45792.47;6513.99;4618.96;9853.7
46397.34;6448.08;4566.99;9670.7
47345.99;6524.57;4627.68;9772.79
47624.22;6599.37;4697.1;9989.4
46423.82;6500.56;4630.18;9801.5
46239.44;6451.9;4592.14;9706.09
44933.9;6182.3;4431.04;9380.7
46332.85;6393.39;4582.58;9601.5
46667.43;6361.22;4555.95;9551.2
45903.7;6319.99;4533.72;9448.4
NA;NA;NA;NA
47290.8;6524.71;4692;9794.59
47380.95;6489.26;4676.68;9756.09
48012.4;6578.06;4719.52;9982
47936.7;6559.9;4695.91;9961.29
48011.28;6534.97;4707.06;10013.2
48584.81;6720.33;4866;10336.2
48548.05;6777.44;4911.97;10372
48137.51;6741.72;4887.87;10177.2
48615.51;6763.39;4900.87;10165.09
48900.99;6821.03;4944.6;10244.5
48249.15;6771.98;4912.68;10108.7
48557.79;6721.36;4874.97;10071.79
48148.78;6704.32;4859.41;10013
47064.18;6603.57;4797.93;9931.4
46715.7;6554.49;4766.49;9845.5
47005.72;6585.05;4780.68;9904.2
47125.13;6702.84;4855.1;10091.2
46997.47;6681.81;4862.14;10089.4
47477.05;6843.08;4961.68;10241.09
46957.62;6786.55;4910.35;10137.79
46152.17;6728.3;4872.64;10069.59
45393.98;6795.03;4944.64;10087.7
45957.92;6821.32;4929.54;9974.4
46265.27;6896.58;4978.21;10019
46807.86;6925.33;5012.75;10117.5
46223.87;6885.34;4977.1;10007.4
46691.84;6948.82;4996.54;10122.29
NA;NA;NA;10073
NA;7043.23;5069.71;10290.79
47427.92;7052.08;5063.35;NA
47536.28;7017.1;5040.91;10329
48264.32;7076.25;5075.31;10448.59
47729.92;7071.9;5055.58;10549.79
47598.66;7003.17;4960.56;10437.29
47956.52;7035.95;4976.21;10531.09
48014.37;7060.19;4998.66;10372.09
48321.35;7083.24;5055.24;10275.29
47760.75;7081.05;5057.5;10338.9
47960.4;7156.55;5078.04;10454.29
47709.82;7225.94;5142.1;10557.29
47025.2;7118.5;5054.87;10250.29
47014.99;7040.83;5027.54;10165.79
NA;7070.33;5028.74;10186.9
46573.9;6944.05;4933.77;10077.59
46620.03;6953.84;4937.83;NA
46582.82;6958.66;4906.56;10034.2
46868.52;7033.84;4971.1;10057.29
46546.54;7055.03;4975.89;10098.2
46624.44;7096.79;5014.27;10049.29
46390.78;7008.77;4935.21;9928.29
46692.35;7019.13;4983.71;9986.9
45908.71;6965.43;4915.06;9976.9
46100.38;6941.83;4907.06;10010.2
45819.4;6803.81;4795.31;9834.29
45029.57;6815.63;4799.37;9741.29
43782.32;6771.1;4761.08;9626.5
42968.11;6650.26;4660.91;9423.09
43459.77;6714.52;4672.29;9554.2
43623.32;6765.32;4682.29;9652.29
43322.93;6729.88;4657.74;9635.5
43559.61;6796.16;4686.33;9723.9
42925.3;6728.91;4618.75;9534.79
43310.33;6721.17;4591.39;9446.59
42987.44;6578.44;4509.27;9361.09
42272.15;6589.46;4511.37;9320.59
42006.23;6536.06;4473.75;9192.29
42077.27;6617.84;4536.29;9321.2
42117.4;6459.6;4426.18;9107.29
41373.83;6421.91;4397.31;9104.79
41146.26;6418.32;4434.85;9145.79
40489.39;6315.94;4341.21;8920.79
40419.99;6305.42;4296.48;8658.2
40101.76;6353.74;4343.99;8656.4
39584.02;6272.21;4266;8516
39471.6;6395.75;4342.58;8623
39429.79;6304.41;4275.6;8480.09
40003.07;6386.46;4339.66;8654.59
39632.83;6305;4231.56;8519.9
38927.92;6153.3;4100.64;8339.09
38828.47;6200.25;4142.52;8445.7
37654.12;6081.7;4061.14;8279.29
37507.55;6155.37;4112.45;8414.5
38682.73;6271.27;4225.99;8719.7
38847.26;6382.65;4299.35;8964.7
39745.36;6424.84;4327.14;9045.5
39799.18;6442.79;4327.25;8982.59
40702.54;6536.09;4408.74;9189.79
40381.78;6440.7;4347.99;9007.2
40640.39;6436.71;4377.18;8867.7
40879.48;6351.15;4324.45;8716.7
40869.23;6398.8;4320.49;8731.4
42416.36;6460.12;4400.54;8886.29
42405.83;6479.56;4392.35;8856.7
42017.93;6396.46;4314.33;8839.9
41628.12;6349.81;4280.62;8787.4
42118.25;6518.7;4386.35;9075.7
41437.13;6561.39;4448.33;9131.5
40924.25;6543.49;4457.43;9088.7
40651.79;6561.65;4491.85;9201.9
40949.96;6609.63;4538.49;9384.09
41457.96;6585.87;4518.48;9291.2
41049.76;6422.19;4402.97;9109.5
40903.46;6442.21;4420.91;9134.4
NA;6446.02;4453.62;9194.9
40736.81;6432.88;4448.83;9124
39777.48;6282.43;4332.79;8867.59
39888.14;6317.8;4365.87;8897.29
39903.25;6236.96;4304.6;8939.09
40411.33;6342.42;4400.45;9182.7
40281.62;6296.95;4355.87;NA
39799;6340.52;4368.54;9133.59
39468.17;6321.03;4373.08;9137.09
40149.89;6420.54;4461.49;9271.7
40481.8;6422.3;4482.6;9381.79
40440.13;6421.8;4472.12;9409.5
41389.15;6518.47;4539.06;9543.59
41152.32;6467.49;4447.12;9369.7
41263.03;6279.57;4304;9150
39913.52;6127.44;4196.66;8966.79
40654.47;6263.74;4340.18;9270
40246.8;6233.41;4293.33;9138.2
39572.33;6210.32;4283.66;8967.2
39038.96;6178.9;4249.07;8874.9
39121.03;6234.89;4332.66;8976.7
37705.13;6064.16;4168.97;8708.4
36560.96;5965.17;4087.4;8409.1
36431.54;5860.98;4000.11;8309.8
36578.47;5863.42;3957.86;8336.8
38360.99;6189.53;4324.87;8982.7
38277.87;6107.75;4223.51;8753.01
37405.6;6068.53;4139.82;8454.58
37486.11;6052.87;4114.54;8407.36
38400.15;6173.03;4226.81;8434.65
38460.54;6063.5;4163.38;8274.44
36854.78;5807.08;3953.48;7792.93
37367.33;5831.02;4032.1;7888.21
37783.08;5806.33;4054.54;7914.39
37179.65;5660.63;3963.28;7965.48
36830.27;5797.03;4080.75;7995.54
34832.29;5387.01;3711.98;7474.79
34166.86;5326.63;3732.22;7431.16
33643.42;5013.62;3496.89;7200.87
33724.03;4887;3442.7;7179.43
31041.42;4544.31;3176.49;6778.31
31554.9;5062.45;3531.5;7030.35
32757.06;5199.19;3628.52;7094.45
30997.31;4861.63;3381.07;6707.12
30047.39;4622.81;3181;6342.71
28624.85;4781.33;3329.92;6311.39
28670.13;4835.01;3448.51;6399.45
29096.61;4784.41;3475.4;6443.11
27282.25;4571.07;3298.18;6232.62
26273.3;4519.7;3310.87;6128.65
25291.39;4295.67;3193.79;5793.56
25278.6;4334.64;3067.35;5688.67
25874.05;4823.45;3114.92;5699.26
27497.03;4808.69;3402.57;5989.11
28056.3;4869.3;3407.82;5989.17
28397.1;4987.97;3487.07;6184.51
NA;NA;NA;NA
28455.9;5026.84;3527.97;6282.49
29600.5;5278.04;3691.09;6443.91
29070.6;5166.87;3618.11;6595.01
27976.8;4813.57;3387.25;6455.95
28427.3;4938.46;3469.12;6521.38
28820;5025.53;3505.75;6585.69
NA;4761.58;3336.41;6404.51
27590.6;4620.8;3233.96;6170.17
26702.5;4649.52;3269.46;6119.07
27110.6;4710.24;3291.47;6112.1
26583.3;4557.27;3182.03;5930.78
25778.6;4579.47;3217.4;5810.2
26108.6;4354.09;3087.89;5706.34
24852.9;4220.2;2980.42;5537.29
25388.8;4127.41;2881.26;5491.46
26964.3;4554.33;3172.11;5491.29
27232.2;4560.42;3209.56;5690.3
27246.4;4560.5;3169.85;5773.16
27543.5;4665.27;3250.39;5830.83
27130.1;4669.44;3262.68;5988.65
26605;4394.79;3080.43;5823.54
27008.2;4531.79;3152.9;5698.58
26635.7;4567.24;3166.65;5677.69
27312.5;4564.23;3161.16;5746.7
26980.5;4381.47;2988.01;5681.81
28043.8;4715.88;3247.48;5685.07
28443.3;4779.11;3297.8;5893.78
28310.7;4804.88;3320.31;6151.63
28160.8;4767.2;3306.13;6221.31
27318.7;4663.37;3213.6;6047.59
27725.2;4654.82;3185.66;6172.75
28257;4729.91;3251.66;6166.59
27394.2;4708.38;3241.92;6220.37
27394.9;4756.4;3234.15;6300.1
27222.2;4696.7;3225.9;6216.84
26824.6;4639.02;3151.36;6179.12
26776.3;4629.38;3128.41;6208.05
NA;NA;3116.21;6249.67
NA;NA;NA;NA
NA;NA;;NA
27095.9;4704.86;3130.72;6296.8
27391.2;4810.2;3217.13;6350.49
27228.6;NA;3217.97;6360.85
NA;4973.07;3349.69;6627.17
28331.88;4983.99;3359.92;6745.17
28933.57;5026.31;3396.22;6879.01
28516.98;4937.47;3346.09;6762.3
28200.15;4879.91;3324.33;6692.25
27680.04;4783.89;3299.5;6653.88
27364.53;4719.62;3246.12;6685.99
27020.31;4636.94;3197.89;6547.29
26228.65;4422.35;3052;6363.59
25920.72;4336.73;2995.88;6204.97
26177.06;4366.28;3016.75;6249.6
25475.84;4316.14;2989.69;6215.49
25303.46;4239.85;2925.28;6142.06
25628.79;4261.15;2905.57;6159.5
24932.01;4219.42;2869.62;6167.13
24798;4178.94;2849.14;6088.13
25411.09;4326.87;2955.37;6256.22
24811.95;4323.42;2954.53;6258.57
25039.63;4518.72;3076.01;6423.76
24865.11;4428.11;3009.75;6272.61
24685.36;4338.35;2973.92;6250.76
23908.36;4271.04;2930.05;6052.38
23009.76;4374.96;2982.39;6130.77
23236.08;4492.79;3068.99;6321.81
23319.22;4510.49;3066.29;6391.15
23914.36;4644.63;3122.79;6561.67
24470.22;4666.82;3134.87;6659.68
24584.9;4505.54;3020.75;6495.66
24124.11;4530.09;3027.72;6496.28
23564.5;4407.56;2964.34;6501.88
23555.47;4413.39;2997.86;6526.38
22789.77;4366.64;2962.22;6461.87
21274.28;4216.6;2875.23;6265.71
21320.83;4204.96;2874.07;6245.77
22199.49;4215.21;2872.6;6217.86
21831.55;4014.66;2750.55;6008.82
21655.99;3936.45;2727.87;5919.34
21484.56;3895.75;2708.05;5905.75
21422.92;3846.21;2696.92;6042.15
21923.27;3942.62;2744.84;6123.75
21690.75;3843.74;2702.48;6049.14
21769.85;3710.07;2581.46;5860.46
21999.05;3690.72;2554.55;5850.73
22719.61;3890.94;2675.68;6083.51
22547.31;3695.49;2569.63;5935.37
22948.51;3666.41;2534.45;5831.55
22716.13;3692.03;2519.29;5769.79
23036.22;3886.98;2663.68;5954.8
23232.4;3914.1;2674.2;6026.68
23163.94;3956.22;2694.25;6061.82
23176.7;3953.6;2705.63;6162.54
23497.59;4044.54;2791.66;6270.31
23190.03;3987.77;2767.28;6211.79
22892.3;3996.32;2760.34;6191.7
23328.95;4043.46;2776.99;6261.62
23581.88;4068.74;2791.14;6272.41
24332.88;4176.37;2869.57;6391.21
24443.51;4187.36;2874.39;6403.55
25477.2;4223.29;2893.45;6371.11
25386.25;4259.37;2892.07;6382.14
24812.97;4203.55;2840.62;6351.52
23980.08;3989.23;2719.34;6224.28
24036.12;4084.76;2807.34;6373.89
24145.69;4131.07;2839.61;6541.02
25587.32;4381.92;2992.06;6816.12
26152.04;4384.99;2958.74;6926.2
26410.72;4349.81;2929.75;6885.54
26172.07;4322.5;2902.31;6720.01
27365.14;4357.92;2921.06;6718.41
28017.84;4491.12;2974.18;6978.91
NA;NA;NA;NA
NA;NA;NA;NA
28070.38;4557.01;3000.22;7152.16
28274.98;4549.79;2985.74;7109.38
28134.84;4609.46;3038.18;7224.76
27390.47;4676.84;3091.96;7307.73
26700.15;4486.3;2969.4;7016.68
26834;4501.63;2973.94;6987.25
27431.01;4594.42;3025.24;7159.96
27719.7;4538.21;3008.62;7181.53
28319.93;4674.32;3102.85;7369.75
28005.47;4694.07;3102.43;7279.93
27318.54;4607.42;3051.02;7155.18
28273.93;4704.56;3116.94;7357.98
29018.62;4769.45;3159.85;7528.95
NA;NA;NA;7571.33
30018.26;4902.45;3237.97;NA
29777.06;4853.03;3225;7836.83
29887.34;4880.71;3283.51;7871.2
29721.01;4804.1;3251.52;7784.33
29698.36;4913.9;3312.59;7806.18
29463.99;4866.91;3248.67;7610.36
30162.14;4854.11;3231.1;7623.92
29495.23;4727.61;3152.9;7371.19
29311.53;4738.47;3156.29;7428.77
29424.4;4737.5;3169.05;7472.87
29893.31;4851.96;3245.39;7576.63
30312.26;4959.62;3274.96;7698.32
30306.1;5038.94;3303.37;7734.01
29681.36;4900.67;3217.41;7512.37
29399.62;4918.75;3227.97;7541.47
29197.11;4918.45;3236.16;NA
29212.9;4985.6;3270.09;7530.02
29775.36;5000.77;3294.86;7588.05
29454.42;4932.88;3263.7;7518.27
29322.72;4940.82;3277.65;7572
30781.55;5142.56;3379.49;7758.58
31370.8;5144.06;3378.04;7772.06
31030.61;5054.53;3309.65;7688.19
31459.17;5064.8;3312.03;7660.07
31399.03;5077.03;3339.05;7747.33
30835.06;5004.72;3289.66;7687.86
31321.06;4997.86;3296.73;7691.65
31916.69;5051.18;3315.27;7729.98
NA;5107.26;3334.94;7754.44
32362.67;5069.24;3326.14;7691.36
31917.2;4889.94;3219.58;7493.52
31788.86;4890.72;3213.95;7483.6
31125.88;4799.98;3161.14;7309.05
31081.2;4837.48;3194.06;7241.67
31556.23;4839.46;3221.27;7334.34
29975.36;4693.4;3123.25;7174.84
29896.57;4707.15;3116.82;7192.96
30286.36;4836.01;3184.76;7320.85
30099.19;4800.56;3163.1;7343.31
30262.52;4776.47;3129.73;7386.26
30525.72;4885.09;3193.68;7477.21
30419.03;4808.64;3140.44;7414.56
30688.73;4905.44;3217;7506.71
30252.24;4718.49;3116.41;7374.01
30105.1;4708.21;3119.51;7376.98
29834.98;4651.82;3082.16;7320.35
29838.8;4598.19;3048.57;7318.51
29744.23;4572.65;3009.71;7196.81
29940.65;4630.07;3025.94;7234
29611.48;4576.31;2983.1;7184.43
29790.38;4722.34;3052.08;7278.8
31044.8;4781.69;3081.87;7411.09
31696.31;4928.44;3171.27;7572.33
31714.14;4957.19;3199.68;7554.11
31544.68;4978.4;3218.46;7580.66
32821.85;5030.15;3270.94;7666.63
33262.04;5093.97;3302.89;7742.58
32829.48;5121.56;3305.07;7794.05
33529.5;5247.28;3373.72;7887.23
33997.11;5229.36;3366.45;7938.44
34053.02;5251.55;3372.36;7876.86
33632.25;5174.74;3330.97;7731.16
33822.11;5270.32;3365.62;7762.59
35175.59;5374.52;3435.49;7934.63
35261.9;5332.14;3426.27;7999.96
35685.61;5426.85;3477.8;8158.16
35363.92;5417.02;3476.37;8242.51
34676.38;5353.01;3458.53;8266.08
34979.36;5369.98;3477.83;8377.55
35422.92;5458.96;3521.14;8421.46
35821.48;5418.12;3504.54;8421.01
35288.74;5285.81;3456.18;8302.66
35224.78;5350.09;3507.24;8351.93
35998.12;5401.11;3524.39;8483.66
35811.31;5309.11;3495.27;8515.83
34945.56;5201.61;3419.69;8274.09
35238.15;5250.74;3450.69;8354.48
35599.92;5231.98;3450.34;8370.25
36628.17;5311.06;3505.32;8531.36
37915.39;5462.74;3615.81;8678.83
38744.26;5519.75;3652.17;8831.89
39185.36;5557.09;3680.61;8860.81
38215.94;5521.97;3668.34;8783.21
37837.39;5470.33;3648.53;8701.33
38232.13;5517.35;3693.09;8817.51
37954.76;5464.61;3653.54;NA
37372.21;5327.29;3583.44;8619.68
35784.36;5319.84;3573.13;8519.93
36009.43;5301.42;3553.51;8604.8
36191.65;5384.43;3598.76;8745.85
37332.22;5463.51;3652.83;8936.46
37261.23;5481.73;3660.96;9035.33
37534.52;5574.26;3707.69;9137.05
37019.72;5594.77;3705.87;9125.71
36649.26;5624.02;3734.89;9207.89
35883.47;5620.24;3730.61;9123.13
35989.98;5628.98;3752.21;9164.24
36634.98;5700.26;3813.79;9305.24
36923.88;5731.14;3835.27;9364.08
36870.37;5703.83;3827.84;9306.93
36680.84;5668.65;3812.16;9220.65
38219.16;5709.38;3823.52;9248.67
38512.64;5702.05;3821.79;9217.01
38353.75;5605.21;3758.36;9093.02
38214.58;5581.41;3739.14;9060.44
38344.91;5736.31;3825;9169.4
37744.12;5713.52;3814.1;9215.57
37580.32;5675.16;3795.41;9142.31
38190.39;5554.55;3720.77;9064.28
37045.62;5467.9;3649.9;8899.96
37153.1;5508.85;3675.01;8982.53
38088.97;5657.64;3770.21;9201.23
37644.68;5640.75;3756.41;9226.35
37938.39;5716.54;3806.81;9373.44
38016.98;5711.88;3799.61;9377.3
38260.03;5783.23;3845.8;9460.09
38038.72;5714.31;3801.39;9388.83
38974.8;5854.14;3882.67;9541.33
38626.43;5830.77;3883.83;9485.17
38470.3;5743.39;3827.6;9426.2
39013.58;5852.56;3892.36;9546.64
39370.18;5811.77;3871.45;9486.28
39650.14;5833.49;3873.22;9421.04
39672.49;5762.93;3820.85;9318.91
40262.94;5740.25;3808.24;9323.65
39881.63;5642.16;3744.45;9186.1
39146.97;5635.02;3743.95;9141.28
38330.01;5496.27;3663.78;8849.5
38763.24;5587.45;3714.02;8962.41
38427.56;5414.96;3607.69;8885.77
38290.12;5430.82;3639.46;8917.89
37391.24;5353.35;3584.25;8756.68
38148.5;5444.23;3670.33;8992.75
38863.29;5480.92;3708.73;9020.4
38524.56;5488.25;3707.29;9082.69
39683.1;5619.72;3785.49;9202.55
39879.92;5613.2;3785.59;9120.96
NA;5668.35;3814.39;9226.58
40229.36;5663.96;3808.07;9295.92
39782.47;5686.83;3806.01;9373.74
40785.58;5804.82;3863.16;9523.27
40723.06;5778.43;3829.06;9401.15
39985.3;5787.61;3828.16;9431.05
39343.94;5702.18;3760.22;9236.9
39574.18;5663.15;3729.36;9167.6
40395.35;5801.48;3813.17;9270.11
39950.3;5769.31;3784.62;9181.18
39877.52;5803.02;3809.16;9170.76
39275.95;5614.17;3679.23;8880.52
39083.15;5685.61;3721.45;9031.54
39581.49;5625.95;3680.15;8918.44
39905.57;5776.61;3775.74;9135.11
40141.79;5781.68;3795.92;9169.04
40201.82;5770.35;3799.11;9175.84
40852.94;5817.65;3846.62;9195.95
40632.53;5784.75;3840.05;9173.25
39906.64;5688.58;3785.3;9031.76
39251.1;5647.84;3757.39;8919.49
39169.19;5709.02;3798.38;8958.6
39463.07;5756.29;3803.72;9000.65
39769.97;5802.26;3830.44;9037.77
39808.31;5811.34;3834.09;9026.87
39925.72;5903.43;3875.82;9141.35
39553.33;5844.44;3830.82;9057.4
39399.52;5831.21;3794.44;8999.08
39583.42;5930.53;3872.06;9099.84
39796.94;5945.69;3898.38;9148.55
39686.24;5957.44;3910.75;9194.39
NA;NA;3912.73;9211.95
40050.16;6002.92;3947.15;NA
40281.16;6011.55;3959.98;9317.38
40094.46;5957.43;3935.5;9307.05
39985.99;NA;3936.33;9306.89
40775.24;6048.3;4013.97;9510.11
41052;6031.86;4012.91;9557.09
41241.97;6034.33;4017.67;9589.53
40817.54;6019.36;4024.8;9630.38
40921.93;6037.61;4045.14;9689.05
41342.62;6040.5;4043.09;9726.44
40961.16;5943;4000.05;9603.47
41140.46;5963.14;4000.86;9569.52
41088.61;5988.88;4015.77;9568.03
40990.49;5875.97;3954.38;9538.2
41256.4;5918.55;3977.46;9572.07
41545.36;5976.48;4009.67;9555.41
41617.21;5851.53;3928.95;9472.29
41347.04;5746.97;3862.16;9418.07
40467.2;5695.32;3820.78;9325.22
40510.33;5631.37;3781.85;9293.12
40054.59;5668.93;3807.04;9292.92
39961.05;5643.2;3759.8;9245.25
39917.92;5540.33;3688.79;9213.78
40058.26;5608.79;3739.46;9237.3
39736.94;5654.48;3762.01;9312.11
39904.02;5709.66;3812.13;9480.77
40118.73;5672.09;3793.47;9417.81
38779.33;5533.24;3689.25;9223.84
37502.9;5434.34;3563.76;9035.91
37337.28;5484.85;3607.27;9010.37
37616.01;5498.26;3612.76;9020.01
37786.61;5536.37;3635.61;9064.32
37322.52;5503.93;3616.75;9127.85
37933.01;5500.39;3599.07;9052.97
38538.92;5511.1;3609.22;9072.96
38363.21;5592.12;3669.04;9176.27
38890.71;5648.34;3725.21;9329.92
38586.5;5680.41;3747.83;9385.27
38650;5722.05;3769.54;9431.36
38862.9;5688.44;3756.7;9441.71
38533.9;5604.07;3707.06;9387.85
38447.1;5615.51;3715.68;9359.18
37949.5;5532.33;3640.77;9226.94
38708.6;5598.46;3708.8;9344.39
NA;NA;NA;NA
38986.1;5713.51;3769.54;9479.83
39635.5;5776.56;3811.92;9598.65
39796.9;5817.88;3842.52;9612.17
39885.4;5795.32;3828.41;9665.29
40354.3;5877.36;3910.42;9774.72
40614.6;5875.91;3903.54;9786.39
40585;5885.89;3910.01;9774.68
40991;5936.72;3943.55;9865.29
41004.3;5928.63;3928.95;9854.44
41253.6;5945.11;3927.4;9941.56
40979.2;5903.56;3890.91;9879.01
41653.1;5970.99;3938.95;9930.04
41960.9;6024.28;3957.89;10008.5
41741.9;6012.31;3938.18;10004.18
41611.7;5982.43;3925.44;10019.77
41557;5987.5;3928;9991.92
41882.6;6017.27;3952.55;10030.1
41790.3;6039;3949.81;10081.12
42430.7;6132.95;4000.48;10190.9
42395.5;6120.05;3988.93;10223.56
42346.7;6156.85;4000.66;10209.53
42587.6;6142.45;3987.41;10186.14
42446.5;6153.55;3974.01;10165.28
43151.3;6235.56;4034.23;10309.52
NA;NA;NA;NA
NA;NA;NA;NA
43562;6252.21;4053.94;10434.01
43308;6222.41;4026.97;10420.12
42717.2;6171.83;3978.46;10379.48
43262.2;6249.7;4050.54;10463.28
43554.2;6250.69;4050.5;10481.77
43727.8;6230.83;4031.99;10418.88
44078.6;6278.4;4057.7;10495.64
44060.3;6291.45;4065.65;10539.15
43912.6;6180.9;3986.63;10447.83
42889.9;6162.44;3970.47;10390.86
43466.9;6264.23;4026.65;10487.59
43217.8;6230.38;3977.67;10469.15
42359.4;6168.72;3924.65;10435.61
42810;6259.53;3951.3;10601.54
43664.8;6332.1;3997.39;10690.08
43159.6;6159.51;3844.6;10470.05
42404.4;6084.34;3787;10299.04
43033.8;6144.91;3840.62;10392.96
43295.2;6135.7;3816.99;10366
NA;6166.92;3828.46;NA
42020.7;6006.86;3689.29;10151.44
41287.9;5958.45;3636.03;9982.14
40970.1;5908.26;3556.11;9902.74
39923.6;5715.09;3392.59;9491.89
41794.4;6017.91;3720.29;10004.75
41453.1;6037.71;3693.2;9976.86
41896.6;6183.49;3733.87;10186.92
41914.8;6251.97;3731.54;10285.96
41075.4;6056.71;3560.36;10022.9
41282.6;6066.92;3543.55;9932.03
41562.6;6155.93;3617.32;9993.24
40441.7;5988.67;3511.67;9670.62
39302.9;5867.88;3432.52;9433.59
39580.6;5829.25;3430.74;9446.94
39920.6;5805.68;3430.93;9477.57
39109.4;5670.04;3331.29;9189.35
40550.3;5758.02;3408.59;9392.67
40956.2;5937.14;3525.31;9647.25
41409.2;5946.18;3515.06;9637.14
41530.1;5964.33;3507.56;NA
40931.5;5981.27;3503.08;9621.53
41093.4;5981.2;3501.5;9660.38
NA;6054.63;3557.34;9801.18
40451.2;5938.88;3455.61;9599.85
40026.8;5904.95;3413.72;9477.7
39975.1;5868.55;3380.36;9356.17
40192.4;5984.75;3446.77;9487.18
40666.6;6056.59;3516.64;9609.68
40635.6;6047.83;3555.52;9662.59
40979.4;6125;3626.04;9795.41
41069.7;6175.05;3661.51;9880.25
41093.4;6190.91;3675.93;9859.95
40738.8;6223.54;3683.08;9863.8
40761.7;6216.98;3687.21;9952.7
41212.7;6292.97;3734.92;9997.81
40994.6;6269.04;3705.32;9938.73
40347.9;6204.52;3641.79;9833.16
40238.2;6115.48;3555.36;9698.3
40376.8;6070.6;3519.73;9606.05
40372.9;6157.22;3576.45;9644.88
39516.2;5952.03;3432.99;9365.29
39392.5;5965.52;3442.89;9366.12
39366.8;5857.43;3339.9;9139.65
39805.4;5834.15;3348.37;9276.39
39685.7;5816.2;3332.46;9301.35
40309.3;5940.98;3423.36;9501.09
40274;5992.86;3483.44;9562.68
40374;6035.66;3538.25;9719.18
40392.1;6065.24;3554.48;9745.79
40754.8;6077.19;3567.66;9774.16
41036.6;6191.13;3637.76;9938.4
41232.9;6209.76;3632.98;9895.61
41298.4;6149.36;3581.82;9852.45
41060.8;6040.27;3500.16;9775.31
41064.2;6009.11;3486.33;9726.48
40778.7;5967.49;3468.02;9691.32
41563.9;5990.38;3493.92;9846.3
42158.9;6142.15;3600.57;10003.18
42292.1;6166.34;3607.05;10093.67
42714;6194.21;3636.18;10138.12
42610.9;6207.31;3666.4;10106.43
42415.8;6178.94;3670.36;10019.7
42616.8;6134.7;3651.91;10074.2
42464.7;6147.97;3643.14;9948.72
43398.3;6292.13;3752.03;10161.2
43412.75;6307.91;3747.51;10135.9
43535.07;6331.33;3760.72;10126.41
43436.84;6333.58;3764.19;10166.13
43421.3;6259.63;3716.05;10089.79
43185.33;6351.6;3777.37;10212.24
42663.65;6286.25;3730.58;10079.79
42209.56;6154.07;3628.29;9854.49
42332.46;6135.17;3621.07;9788.31
42167.93;6110.41;3610.91;9782.31
42533.87;6110.57;3597.6;9774.23
42695.83;6206.4;3663.13;9911.85
42592.76;6186.31;3647.93;9886.79
42409.85;6075.13;3572.4;9835.08
42202.91;6005.16;3526.12;9761.15
42614.24;6010.91;3553.23;9826.15
41813.44;5935.44;3491.11;9700.91
41572.8;5899.5;3450.19;9623.56
41717.62;5912.58;3475.03;9677.94
42083.62;5951.17;3507.44;9779.9
41983.21;5912.41;3487.01;NA
42215.66;5925.22;3490.79;9825.14
42469.64;6083.9;3623.84;10060.89
42704.39;6083.85;3631.43;10140.97
42944.94;6134.62;3672.2;10204.11
43145.31;6155.04;3684.73;10240.41
42991.99;6117.89;3643.81;10181.27
43699.35;6164.44;3677.21;10216.71
43796.03;6221.52;3722.15;10325.7
43671.28;6214.77;3725.82;10401.78
44223.72;6261.68;3767.15;10508.33
44147.39;6275.41;3774.4;10472.44
44249.33;6261.87;3755.64;10494.27
44146.83;6249.65;3736.3;10442.12
44145.24;6209.76;3722.02;10440.98
44352.94;6294.58;3788.01;10548.19
44848.46;6275.98;3784.4;10545.07
44810.97;6208.33;3735.05;10448.33
44522.01;6184.71;3710.61;10426.02
45133.77;6298.3;3782.48;10539
45017.26;6278.89;3766.16;10562.65
44636.59;6276.09;3762.35;10552.41
44847.3;6246.92;3737.12;10562.53
45236.72;6229.02;3715.18;10531.8
45225.58;6211.34;3692.09;10592.47
45542.07;6134.21;3649.81;10563.81
45897.63;6215.83;3731.93;10681.96
45977.02;6270.73;3764.91;10800.23
45455.05;6276.25;3770.47;10765.62
45227.66;6291.67;3763.18;10724.91
45454.91;6309.51;3768.49;10804.84
45452.98;6304.57;3748.86;10753.56
46286.96;6434.52;3828.34;10902
46079.69;6455.27;3819.17;10882.66
45806.33;6492.3;3827.37;10833.51
45858.88;6516.63;3834.5;10875.09
45289.74;6490.69;3807.17;10826.21
45384.47;6524.55;3828.15;10831.86
45870.28;6611.01;3878.27;10904.69
45729.01;6605.84;3868.54;10894.73
45854.85;6639.21;3870;10978.14
45756.17;6613.8;3852.66;10940.72
46059.42;6568;3815.77;10827.28
46026.3;6595.28;3834.84;10848.83
46229.6;6601.37;3833.5;10843.5
NA;6604.86;3841.11;10875.28
46575.68;6654.31;3865.72;10927.5
46416.84;6617.8;3842.94;10876.28
47066.4;6734.69;3916.78;11016.46
47232.31;6754.2;3916.73;11079.95
47254.29;6750.5;3913.7;11047.64
47738.65;6787.81;3945.71;11106.88
47287.61;6719.84;3888.45;10994.52
NA;6723.41;3867.35;10899.07
47493.93;6734.61;3831.12;10866.49
47189.03;6790.17;3864.24;10923.2
46566.94;6663.24;3762.47;10717.73
46363.5;6700.07;3792.35;10713.23
46493.45;6832.11;3867.97;10844.42
46005.8;6843.55;3860.16;10827.11
45902.25;6822.05;3818.89;10796.55
45730.96;6705;3724.42;10619.29
45970.99;6823.8;3747.61;10731.1
46018.64;6879.66;3760.42;10835.04
45641.9;6848.98;3728.65;10809.43
45284.42;6697.97;3636.96;10709.86
45361.07;6688.49;3610.44;10607.75
46145.34;6866.63;3669.29;10809.33
46481.15;6957.61;3747.04;11076.8
46868.43;6947.72;3750.55;11082.17
47348.16;6954.38;3749.23;11151.35
47516.57;7001.91;3810.5;11299.44
47554.07;6975.87;3831.98;11218.69
47465.15;6964.16;3858.05;11263.38
47510.17;7006.17;3857.35;11280.96
47649.66;7029.39;3892.44;11359.73
47637.57;7027.4;3902.87;11409.81
47892.91;7016.37;3880.19;11372.81
47516.86;7024.4;3888.36;11329.04
47651.54;6982.45;3867.35;11426.78
47363.9;7018.6;3885.08;11433.11
47732.9;7077.99;3927.49;11506.65
47693.24;7067.92;3919.71;11550.16
47718.8;7057.69;3911.32;11569.22
NA;NA;3900.39;11492.88
47596.12;6970.73;3862.19;NA
47422.73;6972.1;3858.72;NA
47911.46;6995.47;3890.65;11628.89
47700.76;6914.19;3850.76;11569.43
47489.91;NA;3804.78;11558.8
48004.74;6989.74;3900.86;NA
47616.84;6975.35;3916.03;11722.56
47075.74;6939.82;3904.61;11741.57
NA;6981.39;3904.42;11716.87
46850.41;6947.84;3865.58;11674.35
46416.3;6857.06;3802.03;11575.26
46678.96;6941.57;3861.92;11735.26
47345.3;7068.78;3945.07;11765.29
47447.03;7075.11;3974.83;11767
47258.66;7075.7;3983.28;11742.41
47457.37;7078.06;3975.41;11741.51
48371.02;7143.45;4012.68;11830.32
47899.55;7082.76;3976.71;11728.16
47515.37;7024.27;3964.84;11505.03
47641.43;7062.42;4017.45;11532.69
47363.55;7067.77;4033.21;11573.44
47131.09;7059.01;4019.62;11501.6
47396.02;7127.35;4049.07;11613.57
47533.04;7155.58;4059.57;11617.43
47223.01;7102.8;4002.32;11546.02
47156.76;7077.48;4005.5;11471.51
47609.82;7184.27;4072.62;11608.47
47559.15;7183.67;4066.53;11588.53
47710.61;7193.68;4036.59;11575.83
47796.39;7216.21;4047.21;11666.53
47933.8;7283.62;4090.8;11797.08
47846.36;7323.24;4108.27;11830.54
47793.84;7320.9;4090.74;11796.61
47242.1;7340.28;4095.14;11721.6
47547.85;7371.2;4101.31;11797.77
47449.93;7396.63;4096.62;11833.94
47349.61;7400.04;4110.34;11749.72
47193.06;7414.3;4151.26;11807.28
46575.14;7405.51;4152.31;11827.76
46761.43;7426.81;4157.14;11828.29
46761.71;7321.81;4097.41;11727.66
46548.27;7318.35;4050.27;11652.41
46821.46;7194.6;4013.12;11521.94
46547.75;7130.5;4009.64;11409.74
46874.11;7185.17;4070.38;11608.97
47540.91;7272.32;4110.35;11621.29
47141.05;7223.3;4067.15;11574.12
47326.35;7181.12;4034.32;11543.37
48036.91;7225.96;4060.76;11652.37
48295.76;7178.9;4020.21;11723.01
48353.94;7161.93;3990.41;11747.87
48421.8;7164.75;4015.91;11743.52
48252.15;7131.8;3993.81;11730.2
47929.59;7063.09;3963.99;11515.64
47689.93;6981.49;3928.68;11409.53
47737.14;6866.63;3878.04;11349.66
47440.32;6647.66;3780.85;11151.23
47103.9;6513.84;3696.56;11033.11
47731.04;6656.88;3786.21;11236.39
48010.91;6664.4;3810.22;11345.82
48294.5;6816.12;3904.45;11511.24
47946.35;6780.97;3892.71;11441.57
47950.43;6804.45;3913.73;11447.35
48168.95;6933.58;3968.84;11605.52
48626.25;6946.36;3972.38;11629.31
48787.61;6938.63;3976.95;11637.39
48662.36;6934.44;3987.8;11636.37
48605.66;7057.15;4024.44;11676.44
48729.83;7041.31;3989.18;11591.98
49503.34;7179.81;4054.76;11708.73
49592.98;7175.33;4042.92;11766.57
49693.02;7175.31;4041.74;11737.66
50329.73;7215.11;4048.16;11781.37
50371.74;7178.78;4028.3;11659.42
49986.15;7217.02;4061.91;11726.19
49985.99;7204.86;4038.7;11689.7
49680.67;7102.91;3976.6;11541.59
50174.38;7177.97;4006.23;11615.77
49847.57;7146.56;3970.39;11603.19
50016.31;7178.29;3974.48;11679.24
49335.57;7026.85;3881.24;11490.75
49609.18;7039.31;3908.58;11574.53
50178.54;7249.19;4004.62;11756.19
49966.31;7295.49;4021.88;11810.48
NA;NA;NA;NA
NA;NA;NA;NA
50198;7356.51;4045.29;11869.44
50024.22;7404.95;4067.72;11895.02
50219.7;7475.22;4104.9;12013.88
50008.98;7514.46;4106.92;NA
50134.02;7527.64;4108.77;NA
NA;7500.7;4096.84;12014.79
49542.01;7373.93;4043.13;11909.08
49266.97;7376.96;4004.87;11845.72
49321.53;7492.25;4058.01;11907.24
48904.49;7410.52;4007.26;11896.09
49332.75;7501.52;4052.51;12055.15
49166.2;7495.05;4058.08;12017.87
48795.21;7443.95;4023.29;11967.11
48677.61;7403.31;4018.85;11999.22
48940.24;7387.54;3989.82;11943.55
48286.43;7256.65;3941.58;11835.99
48523.79;7303.53;3978;11887.54
48747.55;7358.23;4027.74;11986.54
48858.84;7266.82;3990.85;11992.21
48575.19;7121.52;3906.98;11795.67
48752.14;7150.66;3916.88;11858.76
49148.52;7170.94;3928.99;11825.24
49215.53;7114.09;3917.22;11841.01
49425.67;7163.47;3950.98;11958.8
49492.53;7160.3;3942.53;NA
50025.61;7293.69;4006.94;12060.79
49929.4;7217.43;3964.81;12009.84
49824.93;7074.12;3889.87;11963.03
49638.88;7109.03;3890.68;11972.66
49396.61;7084.57;3863.4;11996.93
49747.78;7103.25;3871.92;12008.79
49555.71;7060.23;3837.98;11870.92
49378.82;7159.66;3878.65;11911.62
49077.61;7069.9;3805.09;11786.02
49121.13;7085.14;3807.61;11779.46
49481.52;7204.79;3864.58;11861.43
49258.23;7115.08;3806.85;11763.43
49129.21;7110.2;3792.31;11631.85
49353.4;7164.05;3823.74;11661.78
48800.36;7150.21;3799.66;11537.84
48863.88;7285.51;3877.07;11654.92
48485.26;7278.19;3871.37;11636.16
NA;7149.44;3787.79;11453.72
48394.02;7121.38;3784.8;11528.25
48010.43;7107.9;3796.55;11549.06
47976.14;7170.43;3851.89;11606.38
48469.49;7294.14;3924.23;11799.15
48414.36;7376.24;3982.21;11934.04
48551.19;7419.44;4007.35;12040.28
48481.82;7442.96;4003.11;12102.27
48581.57;7439.44;3978.83;12145.42
48200.74;7431.19;3961.34;12131.69
49057.05;7471.44;3979.96;12167.81
48700.58;7402.73;3913.55;12074.26
47922.1;7230.25;3807.51;11880.06
47695.46;7174.14;3774.12;11778.02
48103.73;7267.87;3793.27;11843.19
47768.38;7214.74;3751.23;11766.56
47785.85;7220.12;3726.59;11746.78
46740.32;7107.92;3650.71;11527.78
46651.79;7192.67;3694.95;11592.41
46811.06;7221.36;3754.6;11701.48
47291.31;7290.14;3816.75;11706.68
47501.78;7326.39;3842.7;11820.33
NA;NA;NA;NA
47353.37;7344.54;3812.97;11786.19
47185.61;7349.45;3787.88;11788.92
46722.09;7252.68;3734.07;11650.34
47071.4;7190.06;3712.66;11615.57
47152.63;7158.77;3672.77;11552.06
46820.93;6953.98;3588.05;11426.09
46234.21;6796.75;3522.79;11188.64
44536.67;6640.59;3454.94;10994.59
42828.22;6414.76;3320.35;10570.64
42011.33;6236.16;3278.56;10313.13
40535.21;5923.27;3125.19;9861.97
39028.04;5917.08;3176.19;10090.5
37368.93;5613.42;3002.99;9890.96
38934.71;5797.66;3089.66;10139.74
39910.95;5997.74;3213.88;10432.05
NA;6022.24;3239.06;10531.8
40883.9;5994.9;3230.9;10412.73
41125.87;5948.94;3254.34;10369.42
38697.56;5602.8;3076.04;9860.22
38749.61;5480;3016.99;9759.06
39549.67;5473.78;3051.36;9854.78
39556.82;5532.38;3084.37;9922.1
39588.91;5681.08;3139.55;10041.59
39715.27;5584.14;3119;10021.39
39774;5537.48;3087.64;9997.1
40715.85;5670.07;3154.2;NA
41300.1;5643.92;3159.74;10243.15
42222.38;5784.85;3256.76;10525.93
41553.09;5730.63;3265.83;10576.81
40544.28;5538.33;3148.53;10381.02
38992.56;5246.18;2999.54;10084.11
39189.1;5193.97;2965.64;10071.17
40418.3;5405.53;3073.18;10321.33
40405.17;5408.46;3085.83;10365.05
38708.57;5189.93;2974.59;10151.43
37437.36;5072.33;2854.81;9983.75
37735.42;5166.36;2894.93;10011.05
37881.76;5340.19;2949.14;10107.87
38945;5508.24;3045.62;10324.08
39254.5;5573.51;3031.08;10428.17
38740.68;5415.91;2940;10229.01
39177.62;5571.68;2984.05;10308.58
39225.39;5433.8;2935.82;10266
36851.2;5164.21;2781.68;9888.26
36549.47;5196.56;2810.11;9815.5
36765.94;5345.56;2859.34;9839.24
37998.03;5628.44;3023.38;10127.13
38026.53;5578.42;2995.62;10038.67
38264.32;5639.58;3027.65;9985.45
38268.75;5502.02;2981.96;9819.39
37620.12;5376.7;2926.83;9750.56
36744.86;5216.71;2850.55;9425.93
37496.93;5473.03;2973.9;9567.84
37915.03;5645.25;3075.37;9888.56
38174.89;5675.7;3095.56;9957.98
39291.95;5847.29;3161.47;10140.76
39316.43;5865.01;3153.52;10155.08
40182.11;5994.47;3229.76;10320
39608.13;5914.84;3186.94;10230.52
40026.63;5967.2;3217.89;10338.51
39825.64;5859.43;3166.06;10250.39
39837.96;5877.41;3141.1;10178.89
39969.82;5913.53;3157.34;10231.83
38835.92;5766.48;3084.07;10111.14
40054.41;5970.96;3171.34;10265.49
41050.11;6055.27;3220.46;10469.09
40702.26;6046.75;3174.29;10428.37
40577.52;6016.07;3169.62;10422.38
41708.88;6337.84;3368.62;10733.34
41686.02;6346.19;3348.63;10773.07
41160.66;6141.34;3242.84;10479.74
NA;5834.51;3068.33;10167.6
40747.38;5965.63;3110.59;10251.65
41313.92;6133.18;3195.47;10406.67
40909.81;5966.16;3123.55;10387.8
41135.19;5928.68;3103.6;10302.24
41350.11;5961.44;3143.3;10419.34
40241.19;5829.54;3075.16;10268.87
39853.18;5867.81;3064.84;10187.44
NA;6057.03;3149.38;10389.3
40235;5985.02;3108.95;10347.76
40042.74;5933.14;3049.13;10260.11
40364.29;5913.36;3064.9;10275.56
39797.19;5850.17;3010.29;10150.28
39106.23;5800.24;2997.01;10044.36
38119.53;5606;2894.94;9767.88
38118.76;5537.39;2870.68;9703.13
37466.98;5457.77;2822.43;9568.78
37607.27;5428.11;2822.25;9601.89
37601.56;5492.87;2856.97;9640.29
38361.03;5745.33;3012.93;9908.46
37956.82;5799.91;3026.76;10031.58
39502.02;6088.84;3154.62;10315.29
39215.21;6035.88;3129.95;10203.75
39144.14;6080.68;3164.95;10307.32
39621.6;6106.09;3201.28;10368.26
38878.79;6028.82;3179.63;10312.28
39051.93;5994.73;3175.98;10280.17
38474.28;5874.44;3095.49;10086.07
38637.17;5986.71;3172.35;10130.57
37908.42;5785.43;3089.59;9901.15
38021.08;5774.26;3078.72;9961.04
37813.82;5675.14;2976.17;9744.23
37637.47;5730.62;2998.73;9827.28
37001.49;5701.78;2972.3;9808.15
36720.77;5670.71;2974.2;9748.44
37148.86;5847.03;3055.39;9868.44
37574.56;5791.53;3030.47;9843.04
37478.7;5852.18;3071.8;9903.56
37788.65;5878.93;3102.09;9984.16
NA;NA;NA;NA
37836.46;5889.76;3103.11;NA
37552.9;5771.27;3071.08;10013.17
37814.52;5848.78;3127.56;10056.29
37595.44;5898.35;3159.81;10102.9
38318.26;6075.52;3222.3;NA
38463.72;6166.57;3245.4;10361.95
38183.09;6111.55;3193.65;10273.77
37739.39;6095.99;3144.91;10144.64
NA;6057.92;3137.36;10245.86
37341.29;6017.23;3127.69;10251.13
37608.68;6162.98;3210.79;10347.72
37516.2;6152.34;3204.83;10372.56
38062.87;6179.21;3199.98;10466.45
37991.91;6143.08;3196.49;10457.71
38225.95;6220.01;3225;10478.63
38726.6;6332.93;3269.99;10592.21
39056.43;6354.57;3264.93;10661.08
39288.13;6416.26;3328.94;10808.3
39518.87;6404.39;3321.5;10825.93
39660.19;6436.62;3338.42;10867.56
39606.62;6419.22;3322.65;10736.93
39542.67;6421.85;3312.48;10748.39
40392.48;6539.85;3363.23;10908.82
40467.92;6511.98;3318.76;10854.72
40600.3;6444.45;3265.64;10694.17
40927.75;6458.91;3298.55;10769.35
41438.43;6616.64;3367.46;11021.02
41602.24;6655.63;3376.66;11086.51
41732.3;6766.67;3427.92;11235.15
42083.93;6764.83;3405.27;11237.74
41912.98;6754.2;3411.54;11193.7
42044.47;6748.76;3410;11161.88
41792.46;6788.8;3424.71;11234.57
41219.43;6692.96;3373.14;11167.61
41581.98;6738.47;3384.55;11275.6
41423.51;6728.19;3375.64;11245.69
41616.3;6757.94;3390.35;11288.92
41430.3;6751.96;3393.25;11203.43
42161.4;6848.03;3439.62;11312.21
42047.36;6948.25;3472.54;11420.21
42070.07;6908.18;3465.24;11379.54
41669.41;6843.87;3447.37;11449.23
41258.14;6809.46;3447.31;11505.74
41499.43;6864.43;3467.03;11526.98
41464.05;6849.6;3441.45;11472.07
41605.56;6887.63;3453.99;11529.15
41560.55;6856.08;3452.45;11449.52
41533.87;6941.77;3499.73;11535.36
41639.72;6921.37;3501.17;11538.43
NA;NA;NA;NA
41084.32;6866.46;3487.54;11414.1
40479.75;6633.11;3362.56;11144.1
40791.3;6671.11;3392.33;11287.14
41337.97;6834.54;3478.36;11458.36
41236.46;6880.21;3487.48;11527.96
41297.09;6901.35;3490.06;11563.9
41460.75;6995.91;3550.16;11750.07
42068.69;7079.42;3564.51;11750.29
42281.33;7144.45;3580.21;11699.28
42209.33;7157.82;3594.83;11792.92
41963.41;7154.22;3577.88;11785.49
41586.01;7054.94;3530.83;11633.24
41529.19;7071.32;3527.37;11656.75
40834.43;6981.26;3472.46;11551.7
41209.99;6995.62;3476.18;11566.67
41526.42;7079.23;3501.98;11734.73
41833.54;7078.9;3469.59;11710.7
41608.37;6998.8;3430.15;11589.71
41028.06;6875.15;3381.12;11430.98
41267.16;6946.83;3423.81;11538.88
41488.9;7056.65;3462.91;11655.06
41465.6;6982.28;3406.78;11638.77
40754.08;6784.06;3313.47;11352.45
40802.41;6775.26;3319.81;11380.56
NA;NA;NA;NA
NA;NA;NA;NA
40216.96;6606.43;3217.6;11136.16
40562.55;6674.73;3237.69;11234
41053.82;6743.24;3269.79;11414.53
40668.71;6583.9;3189.09;11311.05
40604.91;6625.19;3205.28;11255.4
40872.89;6801;3292.51;11426.29
40526.8;6732.03;3240.29;11431.99
40354.53;6671.22;3174.02;11423
40141.26;6750.12;3188.58;11444.85
39085.95;6523;3098.37;11181.62
39305.37;6590.41;3169.32;11272.23
39422.94;;3233.46;11334.45
39761.78;;3229.32;11361.38
40248.63;;3266.27;11479.74
40273.65;;3212.8;11417.59
